uniqueID,name,gender,birthDate,member
Abbott1859,"Abbott, Richard",male,NA,0
Abbott1869,"Abbott, Percy",male,1869-05-14,1
Abbott1877,"Abbott, Mac",male,1877-07-03,0
Abbott1886,"Abbott, Aubrey",male,1886-01-04,1
Abbott1891,"Abbott, Joseph",male,1891-10-18,1
Abbott1957,"Abbott, Tony",male,1957-11-04,1
Abel1939,"Abel, John",male,1939-06-25,1
Abetz1958,"Abetz, Eric",male,1958-01-25,0
Adams1943,"Adams, Judith",female,1943-04-11,0
Adams1951,"Adams, Dick",male,1951-04-29,1
Adamson1857,"Adamson, John",male,1857-02-18,0
Adermann1896,"Adermann, Charles",male,1896-08-03,1
Adermann1927,"Adermann, Evan",male,1927-03-10,1
Ahern1871,"Ahern, Cornelius",male,1871-07-10,1
Albanese1963,"Albanese, Anthony",male,1963-03-02,1
Aldred1945,"Aldred, Ken",male,1945-08-01,1
Alexander1951,"Alexander, John",male,1951-07-04,1
Allan1916,"Allan, Ian",male,1916-01-03,1
Allen1966,"Allen, Katie",female,1966-02-24,1
Allison1946,"Allison, Lyn",female,1946-10-21,0
Alston1941,"Alston, Richard",male,1941-12-19,0
Aly1967,"Aly, Anne",female,1967-03-29,1
Amour1900,"Amour, Stan",male,1900-04-02,0
Anderson1909,"Anderson, Ken",male,1909-10-11,0
Anderson1956,"Anderson, John",male,1956-11-14,1
AndersonCharles1897,"Anderson, Charles",male,1897-02-12,1
AndersonGordon1897,"Anderson, Gordon",male,1897-12-29,1
Andren1946,"Andren, Peter",male,1946-08-28,1
Andrew1866,"Andrew, David",male,1866-11-10,0
Andrew1944,"Andrew, Neil",male,1944-06-07,1
Andrews1900,"Andrews, Tom",male,1900-10-19,1
Andrews1955,"Andrews, Kevin",male,1955-11-09,1
Andrews1960,"Andrews, Karen",female,1960-08-23,1
Anning1949,"Anning, Fraser",male,1949-10-14,0
Anstey1865,"Anstey, Frank",male,1865-08-18,1
Anthony1897,"Anthony, Larry (Hubert)",male,1897-03-12,1
Anthony1929,"Anthony, Doug",male,1929-12-31,1
Anthony1961,"Anthony, Larry (Lawrence)",male,1961-12-17,1
Antic1974,"Antic, Alex",male,1974-12-17,0
Arbib1971,"Arbib, Mark",male,1971-11-09,0
Archer1871,"Archer, Edward",male,1871-12-12,1
Archer1929,"Archer, Brian",male,1929-08-21,0
Archer1975,"Archer, Bridget",female,1975-05-18,1
Archibald1852,"Archibald, William",male,1852-06-03,1
Arkins1888,"Arkins, Guy",male,1888-10-14,0
Armitage1920,"Armitage, John",male,1920-11-11,1
Armstrong1908,"Armstrong, John",male,1908-07-10,0
Armstrong1909,"Armstrong, Bill",male,1909-07-01,1
Arnold1902,"Arnold, James",male,1902-04-12,0
Arthur1875,"Arthur, John",male,1875-08-15,1
Arthur1883,"Arthur, Thomas",male,1883-05-11,0
Arthur1918,"Arthur, Bill",male,1918-04-16,1
Ashley1881,"Ashley, Bill",male,1881-09-20,0
AshleyBrown1915,"Ashley-Brown, Alfred",male,1915-10-05,1
Askew1963,"Askew, Wendy",female,1963-03-16,0
Aston1916,"Aston, William",male,1916-09-19,1
Atkinson1867,"Atkinson, Llewellyn",male,1867-12-18,1
Atkinson1948,"Atkinson, Rod",male,1948-08-07,1
Aulich1945,"Aulich, Terry",male,1945-10-05,0
Aylett1900,"Aylett, Bill",male,1900-11-15,0
Ayres,"Ayres, Tim",male,NA,0
Back1950,"Back, Christopher",male,1950-02-11,0
Badman1885,"Badman, Albert",male,1885-12-18,1
Bailey1946,"Bailey, Fran",female,1946-05-21,1
Baillieu1937,"Baillieu, Marshall",male,1937-06-06,1
Baird1942,"Baird, Bruce",male,1942-02-28,1
Baker1841,"Baker, Richard",male,1841-06-22,0
Baker1873,"Baker, Francis Patrick",male,1873-05-30,1
Baker1903,"Baker, Francis Matthew",male,NA,1
Baker1958,"Baker, Mark",male,1958-12-31,1
Bakhap1866,"Bakhap, Thomas",male,1866-10-29,0
Baldwin1951,"Baldwin, Peter",male,1951-04-12,1
Baldwin1955,"Baldwin, Bob",male,1955-03-09,1
Bamford1849,"Bamford, Frederick",male,1849-02-11,1
Bandidt1906,"Bandidt, Henry",male,1906-10-12,1
Bandt1972,"Bandt, Adam",male,1972-03-11,1
Banks1962,"Banks, Julia",female,1962-09-18,1
Barker1846,"Barker, Stephen",male,NA,0
Barnard1890,"Barnard, Claude",male,1890-10-16,1
Barnard1919,"Barnard, Lance",male,1919-05-01,1
Barnes1868,"Barnes, John",male,1868-07-17,0
Barnes1901,"Barnes, Ced",male,1901-11-13,1
Barnett1962,"Barnett, Guy",male,1962-04-05,0
Barresi1955,"Barresi, Phil",male,1955-08-08,1
Barrett1858,"Barrett, John",male,1858-12-17,0
Bartlett1949,"Bartlett, Kerry",male,1949-04-15,1
Bartlett1964,"Bartlett, Andrew",male,1964-08-04,0
Barton1849,"Barton, Edmund",male,1849-01-18,1
Barwell1877,"Barwell, Henry",male,1877-02-26,0
Barwick1903,"Barwick, Garfield",male,1903-06-22,1
Batchelor1865,"Batchelor, Lee",male,1865-04-10,1
Bate1906,"Bate, Jeff",male,1906-03-05,1
Baume1930,"Baume, Michael",male,1930-07-06,1
Baume1935,"Baume, Peter",male,1935-01-30,0
Bayley1882,"Bayley, James",male,1882-03-26,1
Beahan1937,"Beahan, Michael",male,1937-01-21,0
Beale1898,"Beale, Howard",male,1898-12-10,1
Beale1934,"Beale, Julian",male,1934-10-10,1
Beard1866,"Beard, Henry",male,1866-01-20,1
Beasley1895,"Beasley, Jack",male,1895-11-09,1
Beaton1925,"Beaton, Noel",male,1925-12-28,1
Beazley1917,"Beazley, Kim (Sr)",male,1917-09-30,1
Beazley1948,"Beazley, Kim (Jr)",male,1948-12-14,1
Beck1882,"Beck, Arthur",male,1882-07-08,1
Beddall1948,"Beddall, David",male,1948-11-27,1
Beerworth1886,"Beerworth, Frederick",male,1886-05-17,0
Bell1872,"Bell, George",male,1872-11-29,1
Bell1950,"Bell, Robert",male,1950-07-22,0
Bell1968,"Bell, Angie",female,1968-07-11,1
Benn1897,"Benn, Archie",male,1897-01-20,0
Bennett1872,"Bennett, Benjamin",male,NA,1
Bennett1874,"Bennett, James",male,NA,1
Bennett1933,"Bennett, Adrian",male,1933-01-21,1
Benny1869,"Benny, Benjamin",male,1869-10-21,0
Benson1909,"Benson, Sam",male,1909-07-12,1
Berinson1932,"Berinson, Joe",male,1932-01-07,1
Bernardi1969,"Bernardi, Cory",male,1969-11-06,0
Berry1907,"Berry, Doug",male,1907-05-03,1
Bessell1923,"Bessell, Eric",male,1923-06-06,0
Best1856,"Best, Robert",male,1856-06-18,1
Bevis1955,"Bevis, Arch",male,1955-04-10,1
Bidgood1959,"Bidgood, James",male,1959-05-26,1
Billson1966,"Billson, Bruce",male,1966-01-26,1
Bilney1939,"Bilney, Gordon",male,1939-06-21,1
Bilyk1959,"Bilyk, Catryna",female,1959-02-07,0
Bird1906,"Bird, Alan",male,1906-09-28,1
Bird1962,"Bird, Sharon",female,1962-11-15,1
Birmingham1974,"Birmingham, Simon",male,1974-06-14,0
Birney1928,"Birney, Jack",male,1928-09-26,1
Birrell1913,"Birrell, Fred",male,1913-12-07,1
Bishop1913,"Bishop, Reg",male,1913-02-04,0
Bishop1942,"Bishop, Bronwyn",female,1942-10-19,1
Bishop1954,"Bishop, Mark",male,1954-06-29,0
Bishop1956,"Bishop, Julie",female,1956-07-17,1
BjelkePetersen1920,"Bjelke-Petersen, Florence",female,1920-08-11,0
Black1952,"Black, John",male,1952-01-26,0
Blackburn1880,"Blackburn, Maurice",male,1880-11-19,1
Blackburn1889,"Blackburn, Doris",female,1889-09-18,1
Blacklow1879,"Blacklow, Archibald",male,1879-10-11,1
Blackwood1861,"Blackwood, Robert",male,1861-06-20,1
Blain1894,"Blain, Adair",male,1894-11-21,1
Blakeley1886,"Blakeley, Arthur",male,1886-07-03,1
Blakey1879,"Blakey, Albert",male,1879-11-09,0
Blanchard1929,"Blanchard, Allen",male,1929-04-17,1
Bland1882,"Bland, Francis",male,1882-08-24,1
Blewett1933,"Blewett, Neal",male,1933-10-24,1
Blundell1871,"Blundell, Reginald",male,1871-02-04,1
Blunt1951,"Blunt, Charles",male,1951-01-19,1
Bolkus1950,"Bolkus, Nick",male,1950-07-17,0
Bolton1860,"Bolton, William",male,1860-11-01,0
Bonner1922,"Bonner, Neville",male,1922-03-28,0
Bonnett1916,"Bonnett, Robert",male,1916-09-01,1
Bonython1848,"Bonython, John",male,1848-10-15,1
Bosman1924,"Bosman, Len",male,1924-02-05,1
Bostock1892,"Bostock, William",male,1892-02-05,1
Boswell1940,"Boswell, Ron",male,1940-12-09,0
Bourchier1929,"Bourchier, John",male,1929-10-12,1
Bourke1913,"Bourke, Bill",male,1913-06-02,1
Bourne1954,"Bourne, Vicki",female,1954-10-22,0
Bowden1871,"Bowden, Eric",male,1871-09-30,1
Bowden1888,"Bowden, George",male,1888-03-17,1
Bowen1911,"Bowen, Nigel",male,1911-05-26,1
Bowen1922,"Bowen, Lionel",male,1922-12-28,1
Bowen1973,"Bowen, Chris",male,1973-01-17,1
Boyce1951,"Boyce, Sue",female,1951-03-15,0
Boyd1867,"Boyd, James",male,1867-07-07,1
Bradbury1976,"Bradbury, David",male,1976-02-28,1
Braddon1829,"Braddon, Edward",male,1829-06-11,1
Bradfield1933,"Bradfield, Jim",male,1933-07-30,1
Bradford1946,"Bradford, John",male,1946-01-03,1
Bragg1984,"Bragg, Andrew",male,1984-07-11,0
Braithwaite1933,"Braithwaite, Ray",male,1933-12-06,1
Brand1873,"Brand, Charles",male,1873-09-04,0
Brand1888,"Brand, William",male,1888-08-22,1
Brandis1957,"Brandis, George",male,1957-06-22,0
Branson1918,"Branson, George",male,1918-02-23,0
Breen1898,"Breen, John",male,NA,1
Breen1902,"Breen, Marie",female,1902-11-03,0
Brennan1866,"Brennan, Tom",male,NA,0
Brennan1873,"Brennan, Frank",male,NA,1
Brereton1946,"Brereton, Laurie",male,1946-05-29,1
BridgesMaxwell1929,"Bridges-Maxwell, William",male,1929-09-27,1
Briggs1977,"Briggs, Jamie",male,1977-06-09,1
Brimblecombe1898,"Brimblecombe, Wilfred",male,1898-02-06,1
Broad1975,"Broad, Andrew",male,1975-07-02,1
Broadbent1950,"Broadbent, Russell",male,1950-12-25,1
Brockman1970,"Brockman, Slade",male,1970-03-27,0
Brodtmann1963,"Brodtmann, Gai",female,1963-11-24,1
Brough1961,"Brough, Mal",male,1961-12-29,1
Brown1843,"Brown, Joseph",male,1844-02-07,1
Brown1861,"Brown, Thomas",male,1861-10-06,1
Brown1885,"Brown, Gordon",male,1885-02-11,0
Brown1894,"Brown, Geoffrey",male,1894-04-25,1
Brown1920,"Brown, Bill",male,1920-12-04,0
Brown1931,"Brown, John",male,1931-12-19,1
Brown1933,"Brown, Bob, MP",male,1933-12-02,1
Brown1940,"Brown, Neil",male,1940-02-22,1
Brown1944,"Brown, Bob, Senator",male,1944-12-27,0
Brown1963,"Brown, Carol",female,1963-07-19,0
Brownbill1914,"Brownbill, Kay",female,1914-07-21,1
Browne1924,"Browne, Peter",male,1924-07-15,1
Brownhill1935,"Brownhill, David",male,1935-11-16,0
Bruce1883,"Bruce, Stanley",male,1883-04-15,1
Bruce1884,"Bruce, Harry",male,1884-05-16,1
Brumby1953,"Brumby, John",male,1953-04-21,1
Bryant1914,"Bryant, Gordon",male,1914-08-03,1
Bryson1898,"Bryson, Bill",male,1898-02-24,1
Buchanan1905,"Buchanan, Alex",male,1905-10-04,1
Buchholz1968,"Buchholz, Scott",male,1968-03-27,1
Buckland1947,"Buckland, Geoff",male,1947-11-10,0
Bull1905,"Bull, Tom",male,1905-09-07,0
Bullock1955,"Bullock, Joe",male,1955-04-13,0
Bungey1934,"Bungey, Mel",male,1934-08-30,1
Bunton1902,"Bunton, Cleaver",male,1902-05-05,0
Burchell1883,"Burchell, Reginald",male,1883-05-20,1
Burke1910,"Burke, Tom",male,1910-08-28,1
Burke1966,"Burke, Anna",female,1966-01-01,1
Burke1969,"Burke, Tony",male,1969-11-04,1
Burney1957,"Burney, Linda",female,1957-04-25,1
Burns1869,"Burns, George",male,1869-04-19,1
Burns1929,"Burns, Bryant",male,1929-03-24,0
Burns1933,"Burns, William",male,1933-10-22,1
Burns1987,"Burns, Josh",male,1987-02-06,1
Burr1939,"Burr, Max",male,1939-01-09,1
Burston1948,"Burston, Brian",male,1948-02-25,0
Bury1913,"Bury, Les",male,1913-02-25,1
Bushby1965,"Bushby, David",male,1965-07-17,0
Butler1970,"Butler, Mark",male,1970-07-08,1
Butler1977,"Butler, Terri",female,1977-11-28,1
Buttfield1912,"Buttfield, Nancy",female,1912-11-12,0
Button1932,"Button, John",male,1932-06-30,0
Buzacott1867,"Buzacott, Dick",male,1867-09-07,0
Byrne1910,"Byrne, Condon",male,1910-05-25,0
Byrne1962,"Byrne, Anthony",male,1962-12-01,1
Cadman1937,"Cadman, Alan",male,1937-07-26,1
Cairns1914,"Cairns, Jim",male,1914-10-04,1
Cairns1929,"Cairns, Kevin",male,1929-05-15,1
Calder1916,"Calder, Sam",male,1916-08-10,1
Calvert1940,"Calvert, Paul",male,1940-01-19,0
Calwell1896,"Calwell, Arthur",male,1896-08-28,1
Cameron1851,"Cameron, Donald Norman",male,1851-11-03,1
Cameron1857,"Cameron, Cyril",male,1857-12-05,0
Cameron1873,"Cameron, Malcolm",male,1873-07-12,1
Cameron1878,"Cameron, Don",male,1878-01-19,0
Cameron1879,"Cameron, Donald Charles",male,1879-11-19,1
Cameron1895,"Cameron, Archie",male,1895-03-22,1
Cameron1900,"Cameron, Donald Alastair",male,1900-03-17,1
Cameron1913,"Cameron, Clyde",male,1913-02-11,1
Cameron1914,"Cameron, Don Newton",male,1914-01-13,0
Cameron1917,"Cameron, Don James",male,1917-10-15,1
Cameron1930,"Cameron, Ewen",male,1930-01-12,1
Cameron1935,"Cameron, Martin",male,1935-08-24,0
Cameron1938,"Cameron, Ian",male,1938-03-08,1
Cameron1940,"Cameron, Don Milner",male,1940-02-06,1
Cameron1965,"Cameron, Ross",male,1965-05-14,1
CameronDouglas1951,"Cameron, Doug",male,1951-01-27,0
CameronEoin1951,"Cameron, Eoin",male,1951-01-04,1
Campbell1939,"Campbell, Graeme",male,1939-08-13,1
Campbell1943,"Campbell, George",male,1943-02-18,0
Campbell1959,"Campbell, Ian",male,1959-05-22,0
Campbell1972,"Campbell, Jodie",female,1972-01-18,1
Canavan1980,"Canavan, Matt",male,1980-12-17,0
Cann1871,"Cann, George",male,1871-05-29,1
Cant1907,"Cant, Harry",male,1907-11-19,0
Carige1938,"Carige, Colin",male,1938-07-19,1
Carlton1935,"Carlton, Jim",male,1935-05-13,1
Carpenter1863,"Carpenter, William",male,1863-04-05,1
Carr1875,"Carr, Ernie",male,1875-09-28,1
Carr1947,"Carr, Bob",male,1947-09-28,0
Carr1955,"Carr, Kim",male,1955-07-02,0
Carrick1918,"Carrick, John",male,1918-09-04,0
Carroll1872,"Carroll, William",male,1872-01-03,0
Casey1890,"Casey, Richard",male,1890-08-29,1
Cash1919,"Cash, Doug",male,1919-07-15,1
Cash1970,"Cash, Michaelia",female,1970-07-19,0
Cass1927,"Cass, Moss",male,1927-02-18,1
Catley1942,"Catley, Bob",male,1942-09-01,1
Catts1877,"Catts, James",male,1877-08-12,1
Causley1940,"Causley, Ian",male,1940-10-19,1
Cavanagh1913,"Cavanagh, Jim",male,1913-06-21,0
Chalmers1978,"Chalmers, Jim",male,1978-03-02,1
Chamarette1948,"Chamarette, Christabel",female,1948-05-01,0
Chamberlain1884,"Chamberlain, Jack",male,1884-04-29,0
Chambers1897,"Chambers, Cyril",male,1897-02-28,1
Champion1972,"Champion, Nick",male,1972-02-27,1
Chandler1990,"Chandler, Claire",female,1990-06-01,0
Chaney1914,"Chaney, Fred Charles",male,1914-10-12,1
Chaney1941,"Chaney, Fred Michael",male,1941-10-28,1
Chanter1845,"Chanter, John",male,1845-02-11,1
Chapman1864,"Chapman, Austin",male,1864-07-10,1
Chapman1879,"Chapman, John",male,1879-12-16,0
Chapman1949,"Chapman, Grant",male,1949-04-27,1
Charles1936,"Charles, Bob",male,1936-07-24,1
Charles1948,"Charles, David",male,1948-03-02,1
Charleston1848,"Charleston, David",male,1848-05-27,0
Charlesworth1952,"Charlesworth, Ric",male,1952-02-06,1
Charlton1866,"Charlton, Matthew",male,1866-03-15,1
Chataway1864,"Chataway, Thomas",male,1864-04-06,0
Cheeseman1976,"Cheeseman, Darren",male,1976-06-08,1
Cherry1965,"Cherry, John",male,1965-05-22,0
Chester1967,"Chester, Darren",male,1967-09-13,1
Chesters1980,"Chesters, Lisa",female,1980-02-11,1
Chifley1885,"Chifley, Ben",male,1885-09-22,1
Child1921,"Child, Joan",female,1921-08-03,1
Childs1934,"Childs, Bruce",male,1934-08-23,0
Chipp1925,"Chipp, Don",male,1925-08-21,1
Chisholm1978,"Chisholm, Anthony",male,1978-02-24,0
Chresby1908,"Chresby, Arthur",male,1908-02-06,1
Christensen1978,"Christensen, George",male,1978-06-30,1
Chynoweth1941,"Chynoweth, Bob",male,1941-06-07,1
Ciccone1983,"Ciccone, Raff",male,1983-11-01,0
Ciobo1974,"Ciobo, Steve",male,1974-05-29,1
Clare1972,"Clare, Jason",male,1972-03-22,1
Clarey1890,"Clarey, Percy",male,1890-01-20,1
Clark1897,"Clark, Joe",male,1897-07-29,1
Clarke1857,"Clarke, Francis",male,1857-03-25,1
Clasby1891,"Clasby, John",male,NA,1
Clay1900,"Clay, Lionel",male,NA,1
Claydon1964,"Claydon, Sharon",female,1964-04-26,1
Clayton1942,"Clayton, Gareth",male,1942-02-03,1
Cleary1952,"Cleary, Phil",male,1952-12-08,1
Cleaver1917,"Cleaver, Richard",male,1917-08-16,1
Cleeland1938,"Cleeland, Peter",male,1938-05-31,1
Clemons1862,"Clemons, John",male,1862-03-24,0
Clothier1877,"Clothier, Robert",male,1877-03-26,0
Coates1944,"Coates, John",male,1944-03-23,1
Cobb1945,"Cobb, Michael",male,1945-03-16,1
Cobb1950,"Cobb, John",male,1950-02-11,1
Cockle1908,"Cockle, John",male,1908-09-29,1
Cohen1918,"Cohen, Sam",male,1918-10-26,0
Cohen1935,"Cohen, Barry",male,1935-04-03,1
Coker1962,"Coker, Libby",female,NA,1
Colbeck1958,"Colbeck, Richard",male,1958-04-05,0
Cole1908,"Cole, George",male,1908-02-09,0
Colebatch1872,"Colebatch, Hal",male,1872-03-29,0
Coleman1892,"Coleman, Percy",male,1892-10-20,1
Coleman1928,"Coleman, Peter",male,1928-12-15,1
Coleman1931,"Coleman, Ruth",female,1931-09-27,0
Coleman1974,"Coleman, David",male,1974-03-05,1
Coles1892,"Coles, Arthur",male,1892-08-07,1
Collard1912,"Collard, Fred",male,1912-06-06,1
Collard1936,"Collard, Stan",male,1936-03-25,0
Collett1877,"Collett, Herbert",male,1877-11-12,0
Collings1865,"Collings, Joe",male,1865-05-11,0
Collins1878,"Collins, Maurice",male,NA,1
Collins1886,"Collins, Tom",male,1886-04-06,1
Collins1946,"Collins, Bob",male,1946-02-08,0
Collins1962,"Collins, Jacinta",female,1962-09-04,0
Collins1971,"Collins, Julie",female,1971-07-03,1
Colston1938,"Colston, Mal",male,1938-04-05,0
Comber1919,"Comber, Jack",male,1919-04-15,1
Combet1958,"Combet, Greg",male,1958-04-28,1
Conaghan1971,"Conaghan, Pat",male,1971-01-31,1
Conelan1895,"Conelan, William",male,1895-12-23,1
Connelly1978,"Connelly, Vince",male,NA,1
Connolly1939,"Connolly, David",male,1939-07-20,1
Connor1907,"Connor, Rex",male,1907-01-20,1
Conquest1930,"Conquest, Bryan",male,1930-07-20,1
Conroy1864,"Conroy, Alfred",male,1864-04-07,1
Conroy1963,"Conroy, Stephen",male,1963-01-18,0
Conroy1979,"Conroy, Pat",male,1979-05-10,1
Considine1885,"Considine, Michael",male,NA,1
Cook1860,"Cook, Joseph",male,1860-12-07,1
Cook1868,"Cook, Robert",male,1868-04-18,1
Cook1943,"Cook, Peter",male,1943-11-08,0
Cooke1847,"Cooke, Samuel",male,1847-03-12,1
Cooke1904,"Cooke, Joe",male,1904-03-28,0
Cooke1938,"Cooke, Marshall",male,1938-03-04,1
Coon1869,"Coon, Jabez",male,NA,1
Coonan1947,"Coonan, Helen",female,1947-10-29,0
Cooney1934,"Cooney, Barney",male,1934-07-11,0
Cooper1888,"Cooper, Walter",male,1888-04-23,0
Cope1907,"Cope, Jim",male,1907-11-26,1
Corbett1906,"Corbett, James",male,1906-07-17,1
Corboy1896,"Corboy, Ted",male,1896-08-24,1
Corcoran1951,"Corcoran, Ann",female,1951-09-21,1
Cormack1906,"Cormack, Magnus",male,1906-02-12,0
Cormann1970,"Cormann, Mathias",male,1970-09-20,0
Corser1852,"Corser, Edward",male,NA,1
Corser1882,"Corser, Bernard",male,1882-01-04,1
Costa1900,"Costa, Dominic",male,1900-12-10,1
Costello1957,"Costello, Peter",male,1957-08-14,1
Cotter1935,"Cotter, Mick",male,1935-03-21,1
Cotton1915,"Cotton, Bob",male,1915-11-29,0
Coulter1930,"Coulter, John",male,1930-12-03,0
Coulton1958,"Coulton, Mark",male,1958-02-03,1
Courtenay1879,"Courtenay, Lionel",male,1879-05-29,0
Courtice1885,"Courtice, Ben",male,1885-03-28,0
Courtice1950,"Courtice, Brian",male,1950-04-17,1
Courtnay1903,"Courtnay, Frank",male,1903-06-06,1
Coutts1908,"Coutts, Wilfred",male,1908-06-10,1
Cowan1926,"Cowan, Bruce",male,1926-01-15,1
Cox1863,"Cox, Charles",male,1863-05-02,0
Cox1954,"Cox, David",male,1954-08-01,1
Cox1977,"Cox, Dorinda",female,NA,0
Cramer1897,"Cramer, John",male,1897-02-18,1
Crane1941,"Crane, Arthur",male,1941-08-21,0
Crawford1865,"Crawford, Thomas",male,1865-01-31,0
Crawford1947,"Crawford, Mary",female,1947-04-12,1
Crean1916,"Crean, Frank",male,1916-02-28,1
Crean1949,"Crean, Simon",male,1949-02-26,1
Cremean1907,"Cremean, Jack",male,1907-01-26,1
Crewther1983,"Crewther, Chris",male,1983-08-06,1
CrichtonBrowne1944,"Crichton-Browne, Noel",male,1944-02-02,0
Critchley1892,"Critchley, Jack",male,1892-04-18,0
Croft1871,"Croft, John",male,1871-01-20,0
Crook1959,"Crook, Tony",male,1959-06-23,1
Crosio1939,"Crosio, Janice",female,1939-01-03,1
Cross1929,"Cross, Manfred",male,1929-08-12,1
Crossin1956,"Crossin, Trish",female,1956-03-21,0
Crouch1868,"Crouch, Richard",male,1868-06-19,1
Crowley1938,"Crowley, Rosemary",female,1938-07-30,0
Cruickshank1853,"Cruickshank, George",male,1853-02-01,1
Culleton1964,"Culleton, Rod",male,1964-06-05,0
Culley1877,"Culley, Charles",male,1877-04-16,1
Culpin1846,"Culpin, Millice",male,1846-12-01,1
Cunningham1879,"Cunningham, James",male,1879-12-28,0
Cunningham1889,"Cunningham, Lou",male,1889-06-04,1
Cunningham1939,"Cunningham, Barry",male,1939-10-26,1
Curtin1885,"Curtin, John",male,1885-01-08,1
Curtin1898,"Curtin, Dan",male,1898-02-04,1
Cusack1868,"Cusack, John",male,1868-08-08,1
Daly1891,"Daly, John",male,1891-11-10,0
Daly1912,"Daly, Fred",male,1912-06-13,1
Danby1955,"Danby, Michael",male,1955-02-16,1
Dankel1864,"Dankel, George",male,1864-03-06,1
Darcey1870,"Darcey, Richard",male,1870-02-26,0
Dargavel1966,"Dargavel, Steve",male,1966-06-10,1
Darling1936,"Darling, Elaine",female,1936-06-06,1
Dastyari1983,"Dastyari, Sam",male,1983-07-28,0
DAth1970,"D'Ath, Yvette",female,1970-07-26,1
Davey1972,"Davey, Perin",female,1972-02-05,0
Davidson1897,"Davidson, Charles",male,1897-09-14,1
Davidson1915,"Davidson, Gordon",male,1915-01-17,0
Davies1884,"Davies, Billy",male,NA,1
Davies1919,"Davies, Ron",male,1919-07-25,1
Davis1900,"Davis, Frank",male,1900-04-13,1
Dawkins1947,"Dawkins, Joe",male,1947-03-02,1
Dawson1863,"Dawson, Anderson",male,1863-07-16,0
Day1952,"Day, Bob",male,1952-07-05,0
Deahm1938,"Deahm, Maggie",female,1938-10-31,1
Deakin1856,"Deakin, Alfred",male,1856-08-03,1
Dean1913,"Dean, Roger",male,1913-12-10,1
Dean1942,"Dean, Gordon",male,1942-06-13,1
Debus1943,"Debus, Bob",male,1943-09-16,1
Dedman1896,"Dedman, John",male,1896-06-02,1
Dein1889,"Dein, Dick",male,1889-03-04,1
deLargie1859,"de Largie, Hugh",male,1859-03-24,0
Denman1937,"Denman, Kay",female,1937-07-22,0
Dennis1870,"Dennis, Samuel",male,1870-03-26,1
Devereux1946,"Devereux, John",male,1946-02-08,0
Devine1923,"Devine, Len",male,1923-10-14,1
Devitt1921,"Devitt, Don",male,1921-07-11,0
Devlin1898,"Devlin, Jack",male,1898-06-06,0
Devlin1926,"Devlin, Ray",male,1926-03-17,0
Dick1972,"Dick, Milton",male,1972-07-21,1
DiNatale1970,"Di Natale, Richard",male,1970-06-06,0
Dittmer1904,"Dittmer, Felix",male,1904-06-27,0
Dobie1927,"Dobie, Don",male,1927-07-28,1
Dobson1841,"Dobson, Henry",male,1841-12-24,0
Dodd1953,"Dodd, Peter",male,1953-10-31,1
Dodson1948,"Dodson, Pat",male,1948-01-29,0
Dondas1939,"Dondas, Nick",male,1939-10-26,1
Dooley1884,"Dooley, John",male,1884-11-11,0
Downer1843,"Downer, John",male,1843-07-06,0
Downer1910,"Downer, Alick",male,1910-04-07,1
Downer1951,"Downer, Alexander",male,1951-09-09,1
Doyle1922,"Doyle, Frank",male,1922-06-17,1
Drake1850,"Drake, James",male,1850-04-26,0
DrakeBrockman1884,"Drake-Brockman, Edmund",male,1884-02-21,0
DrakeBrockman1919,"Drake-Brockman, Thomas",male,1919-05-15,0
Drakeford1878,"Drakeford, Arthur",male,1878-04-26,1
Draper1959,"Draper, Trish",female,1959-04-02,1
Dreyfus1956,"Dreyfus, Mark",male,1956-10-03,1
Drum1960,"Drum, Kevin",male,1960-07-28,1
Drummond1890,"Drummond, David",male,1890-02-11,1
Drummond1931,"Drummond, Peter",male,1931-08-21,1
Drury1911,"Drury, Nigel",male,1911-05-15,1
Drury1912,"Drury, Arnold",male,1912-07-23,0
Dubois1940,"Dubois, Stephen",male,1940-02-01,1
Duffy1938,"Duffy, Michael",male,1938-03-02,1
Duncan1883,"Duncan, Walter",male,1883-03-14,0
Duncan1945,"Duncan, Peter",male,1945-01-01,1
DuncanHughes1882,"Duncan-Hughes, Jack",male,1882-09-01,1
Duniam1982,"Duniam, Jonathon",male,1982-12-31,0
Dunn1887,"Dunn, James",male,1887-08-20,0
Dunn1948,"Dunn, Irina",female,1948-03-17,0
Durack1926,"Durack, Peter",male,1926-10-20,0
Duthie1912,"Duthie, Gilbert",male,1912-05-21,1
Dutton1970,"Dutton, Peter",male,1970-11-18,1
Earle1865,"Earle, John",male,1865-11-15,0
Easson1955,"Easson, Mary",female,1955-06-16,1
Edmonds1903,"Edmonds, Bill",male,1903-10-23,1
Edwards1842,"Edwards, Richard",male,NA,1
Edwards1855,"Edwards, George",male,1855-01-30,1
Edwards1927,"Edwards, Harry",male,1927-01-10,1
Edwards1945,"Edwards, Ron",male,1945-07-02,1
Edwards1946,"Edwards, Graham",male,1946-07-18,1
Edwards1962,"Edwards, Sean",male,1962-01-02,0
Eggins1898,"Eggins, Jim",male,1898-04-07,1
Eggleston1941,"Eggleston, Alan",male,1941-12-30,0
Einfeld1909,"Einfeld, Syd",male,1909-06-17,1
Eldridge1872,"Eldridge, John",male,NA,1
Ellicott1927,"Ellicott, Bob",male,1927-04-15,1
Elliot1967,"Elliot, Justine",female,1967-07-29,1
Elliott1878,"Elliott, Harold",male,1878-06-19,0
Elliott1884,"Elliott, Robert",male,1884-10-28,0
Elliott1954,"Elliott, Paul",male,1954-09-24,1
Ellis1946,"Ellis, Annette",female,1946-10-13,1
Ellis1977,"Ellis, Kate",female,1977-09-22,1
Ellison1954,"Ellison, Chris",male,1954-06-15,0
Elson1947,"Elson, Kay",female,1947-01-25,1
Elstob1924,"Elstob, Ronald",male,1924-11-29,0
Emerson1954,"Emerson, Craig",male,1954-11-15,1
Enderby1926,"Enderby, Kep",male,1926-06-25,1
England1911,"England, John",male,1911-10-12,1
Entsch1950,"Entsch, Warren",male,1950-05-31,1
Erwin1917,"Erwin, Dudley",male,1917-08-20,1
Evans1928,"Evans, Jack",male,1928-11-28,0
Evans1944,"Evans, Gareth",male,1944-09-05,1
Evans1958,"Evans, Chris",male,1958-05-14,0
Evans1981,"Evans, Trevor",male,1981-08-28,1
EvansMartyn1953,"Evans, Martyn",male,1953-11-27,1
EvansRichard1953,"Evans, Richard",male,1953-09-07,1
Evatt1894,"Evatt, Herbert",male,1894-04-30,1
Everett1917,"Everett, Merv",male,1917-10-07,0
Everingham1923,"Everingham, Doug",male,1923-06-25,1
Everingham1943,"Everingham, Paul",male,1943-02-04,1
Ewert1918,"Ewert, Keith",male,1918-04-12,1
Ewing1856,"Ewing, Thomas",male,1856-10-09,1
Ewing1870,"Ewing, Norman",male,1870-12-26,0
Fadden1894,"Fadden, Arthur",male,1894-04-13,1
Fahey1945,"Fahey, John",male,1945-01-10,1
Failes1899,"Failes, Laurie",male,1899-10-16,1
Fairbairn1855,"Fairbairn, George",male,1855-03-23,1
Fairbairn1897,"Fairbairn, James",male,1897-07-28,1
Fairbairn1917,"Fairbairn, David",male,1917-03-03,1
Fairhall1909,"Fairhall, Allen",male,1909-11-24,1
Falconer1943,"Falconer, Peter",male,1943-09-23,1
Falinski1970,"Falinski, Jason",male,1970-08-24,1
Falkinder1921,"Falkinder, Bill",male,1921-08-29,1
Falkiner1867,"Falkiner, Franc",male,1867-06-17,1
Falstein1914,"Falstein, Max",male,1914-05-30,1
Farmer1962,"Farmer, Pat",male,1962-03-14,1
Farrell1954,"Farrell, Don",male,1954-06-06,0
Faruqi1963,"Faruqi, Mehreen",female,1963-07-08,0
Fatin1941,"Fatin, Wendy",female,1941-04-10,1
Faulkner1954,"Faulkner, John",male,1954-04-12,0
Fawcett1963,"Fawcett, David",male,1963-10-23,1
Feeney1970,"Feeney, David",male,1970-03-05,1
Fenton1864,"Fenton, James",male,1864-02-04,1
Ferguson1830,"Ferguson, John",male,1830-03-15,0
Ferguson1943,"Ferguson, Alan",male,1943-09-16,0
Ferguson1952,"Ferguson, Laurie",male,1952-07-07,1
Ferguson1953,"Ferguson, Martin",male,1953-12-12,1
Ferguson1974,"Ferguson, Michael",male,1974-03-23,1
Ferricks1875,"Ferricks, Myles",male,1875-11-12,0
Ferris1941,"Ferris, Jeannie",female,1941-03-14,0
Field1910,"Field, Pat",male,1910-10-11,0
Fielding1960,"Fielding, Steve",male,1960-10-17,0
FierravantiWells1960,"Fierravanti-Wells, Connie",female,1960-05-20,0
Fife1929,"Fife, Wal",male,1929-10-02,1
Fifield1967,"Fifield, Mitch",male,1967-01-16,0
Filing1955,"Filing, Paul",male,1955-12-20,1
Findley1864,"Findley, Edward",male,1864-09-08,0
Finlay1887,"Finlay, Alex",male,1887-11-14,0
Finlayson1867,"Finlayson, William",male,1867-08-12,1
Fischer1946,"Fischer, Tim",male,1946-05-03,1
Fisher1862,"Fisher, Andrew",male,1862-08-29,1
Fisher1936,"Fisher, Peter",male,1936-09-19,1
Fisher1962,"Fisher, Mary Jo",female,1962-12-25,0
Fisken1897,"Fisken, Archibald",male,1897-03-11,1
Fitzgerald1910,"Fitzgerald, Joe",male,1910-01-05,1
Fitzgibbon1936,"Fitzgibbon, Eric",male,1936-08-27,1
Fitzgibbon1962,"Fitzgibbon, Joel",male,1962-01-16,1
FitzPatrick1915,"FitzPatrick, John",male,1915-04-24,1
Fleming1874,"Fleming, William",male,1874-05-19,1
Fletcher1965,"Fletcher, Paul",male,1965-01-16,1
Flint1978,"Flint, Nicolle",female,1978-07-15,1
Foley1872,"Foley, George",male,1872-11-28,1
Foll1890,"Foll, Harry",male,1890-05-30,0
Forbes1923,"Forbes, Jim",male,1923-12-16,1
Ford1936,"Ford, Frank",male,1936-08-10,1
Forde1890,"Forde, Frank",male,1890-07-18,1
Foreman1933,"Foreman, Dominic",male,1933-08-06,0
Forrest1847,"Forrest, John",male,1847-08-22,1
Forrest1949,"Forrest, John (Alexander)",male,1949-08-24,1
Forshaw1952,"Forshaw, Michael",male,1952-01-11,0
Foster1856,"Foster, Richard",male,1856-08-20,1
Foster1872,"Foster, Francis",male,NA,1
Foster1884,"Foster, George",male,NA,0
Foster1921,"Foster, Norm",male,1921-03-12,1
Fowler1865,"Fowler, James",male,1865-06-20,1
Fox1912,"Fox, Max",male,1912-04-27,1
Foxton1849,"Foxton, Justin",male,1849-09-24,1
Francis1873,"Francis, Grosvenor",male,1873-08-14,1
Francis1881,"Francis, Frederick",male,NA,1
Francis1890,"Francis, Josiah",male,1890-03-28,1
Fraser1832,"Fraser, Simon",male,1832-08-21,0
Fraser1889,"Fraser, James",male,1889-03-12,0
Fraser1892,"Fraser, Alexander",male,1892-08-22,0
Fraser1902,"Fraser, Allan",male,1902-09-18,1
Fraser1908,"Fraser, Jim",male,1908-02-08,1
Fraser1930,"Fraser, Malcolm",male,1930-05-21,1
Frazer1880,"Frazer, Charlie",male,1880-01-02,1
Free1943,"Free, Ross",male,1943-03-07,1
Freelander1953,"Freelander, Mike",male,1953-04-23,1
Freeth1914,"Freeth, Gordon",male,1914-08-06,1
Frost1882,"Frost, Charles",male,1882-11-30,1
Fry1920,"Fry, Ken",male,1920-11-08,1
Frydenberg1971,"Frydenberg, Josh",male,1971-07-17,1
Fuller1861,"Fuller, George",male,1861-01-22,1
Fuller1893,"Fuller, Arthur",male,1893-10-24,1
Fulton1909,"Fulton, Bill",male,1909-06-18,1
Furner1958,"Furner, Mark",male,1958-04-11,0
Fysh1835,"Fysh, Philip",male,1835-03-01,1
Gabb1882,"Gabb, Moses",male,1882-11-21,1
Gaha1894,"Gaha, John",male,1894-04-14,1
Gair1901,"Gair, Vince",male,1901-02-25,0
Gallacher1954,"Gallacher, Alex",male,1954-01-01,0
Gallagher1970,"Gallagher, Katy",female,1970-03-17,0
Gallus1943,"Gallus, Chris",female,1943-04-06,1
Galvin1911,"Galvin, Pat",male,1911-03-30,1
Gambaro1958,"Gambaro, Teresa",female,1958-11-29,1
Gander1888,"Gander, Joe",male,NA,1
Garden1882,"Garden, Jock",male,1882-08-13,1
Gardiner1867,"Gardiner, Albert",male,1867-07-30,0
Gardner1884,"Gardner, Sydney",male,1884-06-09,1
Garland1934,"Garland, Victor",male,1934-05-05,1
Garling1870,"Garling, Henry",male,1870-06-07,0
Garrett1953,"Garrett, Peter",male,1953-04-16,1
Garrick1918,"Garrick, Horrie",male,1918-08-26,1
Gash1944,"Gash, Joanna",female,1944-07-21,1
Gayler1943,"Gayler, John",male,1943-04-14,1
Gear1947,"Gear, George",male,1947-03-08,1
Gee1968,"Gee, Andrew",male,1968-09-13,1
Gellibrand1872,"Gellibrand, John",male,1872-12-05,1
Georganas1959,"Georganas, Steve",male,1959-06-13,1
George1947,"George, Jennie",female,1947-08-20,1
Georges1920,"Georges, George",male,1920-04-15,0
Georgiou1947,"Georgiou, Petro",male,1947-11-30,1
Georgiou1974,"Georgiou, Peter",male,1974-01-13,0
Gerick1963,"Gerick, Jane",female,1963-04-23,1
Gibb1843,"Gibb, James",male,1843-06-30,1
Gibbons1887,"Gibbons, George",male,NA,1
Gibbons1949,"Gibbons, Steve",male,1949-09-11,1
Gibbs1879,"Gibbs, William",male,1879-07-05,0
Gibbs1922,"Gibbs, Wylie",male,1922-07-26,1
Gibbs1947,"Gibbs, Brenda",female,1947-09-03,0
Gibson1869,"Gibson, William",male,1869-05-19,1
Gibson1935,"Gibson, Adrian",male,1935-11-03,1
Gibson1936,"Gibson, Brian",male,1936-11-04,0
Gibson1954,"Gibson, Garrie",male,1954-10-17,1
Gichuhi1962,"Gichuhi, Lucy",female,1962-09-23,0
Gietzelt1920,"Gietzelt, Arthur",male,1920-12-28,0
Giles1923,"Giles, Geoffrey",male,1923-06-27,1
Giles1928,"Giles, Patricia",female,1928-11-16,0
Giles1973,"Giles, Andrew",male,1973-07-31,1
Gillard1920,"Gillard, Reg",male,1920-03-13,1
Gillard1961,"Gillard, Julia",female,1961-09-29,1
Gillespie1957,"Gillespie, David",male,1957-12-20,1
Gilmore1908,"Gilmore, Tom",male,1908-05-07,1
Givens1864,"Givens, Thomas",male,1864-02-26,0
Glasgow1876,"Glasgow, William",male,1876-06-06,0
Glassey1844,"Glassey, Thomas",male,1844-02-26,0
Glynn1855,"Glynn, Paddy",male,1855-08-25,1
Goodenough1975,"Goodenough, Ian",male,1975-07-03,1
Goodluck1933,"Goodluck, Bruce",male,1933-05-14,1
Gordon1865,"Gordon, David",male,1865-05-04,1
Gorman1926,"Gorman, Russ",male,1926-07-20,1
Gorman1984,"Gorman, Patrick",male,1984-12-12,1
Gorton1911,"Gorton, John",male,1911-09-09,1
Gosling1971,"Gosling, Luke",male,1971-09-17,1
Gould1847,"Gould, Albert",male,1847-02-12,0
Grace1931,"Grace, Ted",male,1931-03-13,1
Grace1940,"Grace, Elizabeth",female,1940-05-27,1
Graham1867,"Graham, Charles",male,NA,0
Graham1919,"Graham, Bill",male,1919-08-22,1
Grant1857,"Grant, John",male,NA,0
Grant1878,"Grant, Charles",male,1878-04-24,0
Grant1888,"Grant, Donald",male,1888-02-26,0
Grassby1926,"Grassby, Al",male,1926-07-12,1
Gray1840,"Gray, John",male,1840-12-01,0
Gray1908,"Gray, George",male,1908-10-02,1
Gray1958,"Gray, Gary",male,1958-04-30,1
Grayden1920,"Grayden, William",male,1920-08-05,1
Green,"Green, Nita",female,NA,0
Green1869,"Green, Albert",male,1869-12-21,1
Green1885,"Green, Roland",male,1885-10-29,1
Greenup1902,"Greenup, Arthur",male,1902-07-11,1
Greenwood1926,"Greenwood, Ivor",male,1926-11-15,0
Gregory1860,"Gregory, Henry",male,1860-03-15,1
Greig1966,"Greig, Brian",male,1966-02-22,0
Grierson1951,"Grierson, Sharon",female,1951-05-04,1
Griff1957,"Griff, Stirling",male,1957-12-02,0
Griffin1960,"Griffin, Alan",male,1960-02-23,1
Griffiths1903,"Griffiths, Charles",male,1903-06-26,1
Griffiths1952,"Griffiths, Alan",male,1952-09-04,1
Griggs1969,"Griggs, Natasha",female,1969-01-24,1
Grimes1937,"Grimes, Donald",male,1937-10-04,0
Grogan,"Grogan, Karen",female,NA,0
Groom1833,"Groom, William",male,1833-03-09,1
Groom1852,"Groom, Arthur",male,1852-11-26,1
Groom1867,"Groom, Littleton",male,1867-04-22,1
Groom1944,"Groom, Ray",male,1944-09-03,1
Guilfoyle1926,"Guilfoyle, Margaret",female,1926-05-15,0
Gullett1878,"Gullett, Henry",male,1878-03-26,1
Gullett1914,"Gullett, Jo",male,1914-12-16,1
Gun1936,"Gun, Richard",male,1936-05-27,1
Guthrie1856,"Guthrie, Robert",male,1856-11-17,0
Guthrie1872,"Guthrie, James",male,1872-09-13,0
Guy1860,"Guy, James",male,1860-11-13,0
Guy1890,"Guy, Allan",male,1890-11-30,1
Haase1945,"Haase, Barry",male,1945-11-19,1
Hadley1893,"Hadley, Jim",male,1893-06-12,1
Haines1945,"Haines, Janine",female,1945-05-08,0
Haines1961,"Haines, Helen",female,1961-09-21,1
Halbert1910,"Halbert, Hugh",male,1910-01-17,1
Hale1969,"Hale, Damian",male,1969-12-28,1
Hall1874,"Hall, David",male,1874-03-05,1
Hall1928,"Hall, Steele",male,1928-11-30,1
Hall1949,"Hall, Jill",female,1949-11-16,1
Hallett1917,"Hallett, John",male,1917-10-09,1
Halverson1937,"Halverson, Bob",male,1937-10-22,1
Hamer1923,"Hamer, David",male,1923-09-05,1
Hamilton1899,"Hamilton, Len",male,1899-07-07,1
Hamilton1979,"Hamilton, Garth",male,1979-03-05,1
Hammond1968,"Hammond, Celia",female,1968-11-22,1
Hammond1975,"Hammond, Tim",male,1975-03-25,1
Hampson1864,"Hampson, Alfred",male,1864-09-15,1
Hand1942,"Hand, Gerry",male,1942-06-30,1
Handby1903,"Handby, Jim",male,1903-09-01,1
Hannaford1903,"Hannaford, Clive",male,1903-01-11,0
Hannan1873,"Hannan, Joseph",male,NA,1
Hannan1910,"Hannan, George",male,1910-09-10,0
Hansen1922,"Hansen, Brendan",male,1922-08-21,1
Hanson1954,"Hanson, Pauline",female,1954-05-27,1
HansonYoung1981,"Hanson-Young, Sarah",female,1981-12-23,0
Hardgrave1960,"Hardgrave, Gary",male,1960-01-05,1
Harding1921,"Harding, Ted",male,1921-06-12,1
Hardy1898,"Hardy, Charles",male,1898-12-12,0
Harney1865,"Harney, Edward",male,1865-08-31,0
Harper1842,"Harper, Robert",male,1842-02-01,1
Harradine1935,"Harradine, Brian",male,1935-01-09,0
Harris1890,"Harris, John",male,1890-12-03,0
Harris1937,"Harris, Graham",male,1937-08-29,1
Harris1943,"Harris, Len",male,1943-09-22,0
Harrison1880,"Harrison, Eric Fairweather",male,1880-04-16,1
Harrison1892,"Harrison, Eric John",male,1892-09-07,1
Harrison1903,"Harrison, Jim",male,1903-10-12,1
Hart1960,"Hart, Ross",male,1960-06-04,1
Hartnoll1841,"Hartnoll, William",male,1841-04-17,1
Hartsuyker1959,"Hartsuyker, Luke",male,1959-04-28,1
Harvey1946,"Harvey, Elizabeth",female,1946-10-19,1
Haslem1939,"Haslem, John",male,1939-02-01,1
Hasluck1905,"Hasluck, Paul",male,1905-04-01,1
Hastie1982,"Hastie, Andrew",male,1982-09-30,1
Hatton1951,"Hatton, Michael",male,1951-08-25,1
Haviland1952,"Haviland, Chris",male,1952-02-27,1
Hawke1929,"Hawke, Bob",male,1929-12-09,1
Hawke1977,"Hawke, Alex",male,1977-07-09,1
Hawker1894,"Hawker, Charles",male,1894-05-16,1
Hawker1949,"Hawker, David",male,1949-05-01,1
Haworth1905,"Haworth, William",male,1905-04-15,1
Hay1865,"Hay, Alexander",male,1865-01-08,1
Hayden1933,"Hayden, Bill",male,1933-01-23,1
Hayes1868,"Hayes, John",male,1868-04-21,0
Hayes1955,"Hayes, Chris",male,1955-07-17,1
Haylen1898,"Haylen, Les",male,1898-09-23,1
Hays1869,"Hays, Herbert",male,1869-09-20,0
Hearn1921,"Hearn, Jean",female,1921-03-30,0
Heatley1920,"Heatley, William",male,1920-07-11,0
Hedges1856,"Hedges, William",male,1856-07-16,1
Heffernan1943,"Heffernan, William",male,1943-03-03,0
Heitmann1878,"Heitmann, Edward",male,1878-06-03,1
Henderson1857,"Henderson, Christopher",male,1857-08-19,0
Henderson1964,"Henderson, Sarah",female,1964-04-04,1
Hendrickson1897,"Hendrickson, Bert",male,1897-12-17,0
Hendy1962,"Hendy, Peter",male,1962-01-10,1
Henry1946,"Henry, Stuart",male,1946-06-21,1
Henty1903,"Henty, Denham",male,1903-10-13,0
Henzell1948,"Henzell, Marjorie",female,1948-09-21,1
Herron1932,"Herron, John",male,1932-09-04,0
Hewson1914,"Hewson, Arthur",male,1914-12-31,1
Hewson1946,"Hewson, John",male,1946-10-28,1
Hicks1940,"Hicks, Noel",male,1940-11-04,1
Higgins1851,"Higgins, Henry",male,1851-06-30,1
Higgs1862,"Higgs, William",male,1862-01-18,1
Hill1866,"Hill, William",male,1866-04-14,1
Hill1946,"Hill, Robert",male,1946-09-25,0
Hill1960,"Hill, Heather",female,1960-08-09,0
Hill1973,"Hill, Julian",male,1973-06-04,1
Hinch1944,"Hinch, Derryn",male,1944-02-09,0
Hoare1874,"Hoare, Albert",male,1874-11-22,0
Hoare1963,"Hoare, Kelly",female,1963-07-01,1
Hockey1965,"Hockey, Joe",male,1965-08-02,1
Hodges1937,"Hodges, John",male,1937-10-03,1
Hodgman1938,"Hodgman, Michael",male,1938-11-16,1
Hogan1963,"Hogan, Kevin",male,1963-08-11,1
Hogg1949,"Hogg, John",male,1949-03-19,0
Holder1850,"Holder, Frederick",male,1850-05-12,1
Holding1931,"Holding, Clyde",male,1931-04-27,1
Hollis1938,"Hollis, Colin",male,1938-05-30,1
Holloway1875,"Holloway, Jack",male,1875-04-12,1
Holman1871,"Holman, William",male,1871-08-04,1
Holt1908,"Holt, Harold",male,1908-08-05,1
Holt1914,"Holt, Robert",male,1914-06-09,1
Holten1922,"Holten, Mac",male,1922-03-29,1
Horne1939,"Horne, Bob",male,1939-12-18,1
Howard1939,"Howard, John",male,1939-07-26,1
Howarth1972,"Howarth, Luke",male,1972-06-06,1
Howe1861,"Howe, Robert",male,NA,1
Howe1936,"Howe, Brian",male,1936-01-28,1
Howroyd1867,"Howroyd, Charles",male,1867-02-25,1
Howse1863,"Howse, Neville",male,1863-10-26,1
Howse1913,"Howse, John",male,1913-10-10,1
Howson1919,"Howson, Peter",male,1919-05-22,1
Hughes,"Hughes, Hollie",female,NA,0
Hughes1862,"Hughes, Billy",male,1862-09-25,1
Hughes1923,"Hughes, Tom",male,1923-11-26,1
Hull1954,"Hull, Kay",female,1954-02-03,1
Hulls1957,"Hulls, Rob",male,1957-01-23,1
Hulme1907,"Hulme, Alan",male,1907-02-14,1
Hume1971,"Hume, Jane",female,1971-04-30,0
HumeCook1866,"Hume Cook, James",male,1866-09-23,1
Humphreys1934,"Humphreys, Ben",male,1934-08-17,1
Humphries1958,"Humphries, Gary",male,1958-07-06,0
Hunt1928,"Hunt, Ralph",male,1928-03-31,1
Hunt1965,"Hunt, Greg",male,1965-11-18,1
Hunter1882,"Hunter, James",male,1882-07-04,1
Hurford1931,"Hurford, Chris",male,1931-07-30,1
Hurley1955,"Hurley, Annette",female,1955-03-23,0
Hurry1868,"Hurry, Geoffry",male,1868-09-15,1
Husar1980,"Husar, Emma",female,1980-04-20,1
Husic1970,"Husic, Ed",male,1970-02-03,1
Hutchin1887,"Hutchin, Arthur",male,1887-03-03,1
Hutchins1956,"Hutchins, Stephen",male,1956-04-22,0
Hutchinson1904,"Hutchinson, William",male,1904-01-07,1
Hutchinson1965,"Hutchinson, Eric",male,1965-06-19,1
Hutchison1859,"Hutchison, James",male,1859-04-20,1
Hyde1936,"Hyde, John",male,1936-02-02,1
Innes1925,"Innes, Ted",male,1925-02-12,1
Irons1958,"Irons, Steve",male,1958-09-01,1
Irvine1856,"Irvine, Hans",male,1856-08-02,1
Irvine1858,"Irvine, William",male,1858-07-06,1
Irwin1898,"Irwin, Les",male,1898-05-01,1
Irwin1951,"Irwin, Julia",female,1951-11-08,1
Isaacs1855,"Isaacs, Isaac",male,1855-08-06,1
Jack1892,"Jack, William",male,1892-05-01,1
Jackson1889,"Jackson, Syd",male,1889-06-06,1
Jackson1962,"Jackson, Sharryn",female,1962-02-12,1
Jacobi1928,"Jacobi, Ralph",male,1928-12-04,1
Jakobsen1947,"Jakobsen, Carolyn",female,1947-09-11,1
James1885,"James, Rowland",male,1885-06-14,1
James1914,"James, Bert",male,1914-09-22,1
Jarman1923,"Jarman, Alan",male,1923-07-22,1
Jeanes1958,"Jeanes, Susan",female,1958-02-24,1
Jenkins1925,"Jenkins, Harry (Sr)",male,1925-09-24,1
Jenkins1938,"Jenkins, Jean",female,1938-03-16,0
Jenkins1952,"Jenkins, Harry (Jr)",male,1952-08-18,1
Jennings1878,"Jennings, John",male,1878-12-19,1
Jensen1865,"Jensen, Jens",male,1865-05-02,1
Jensen1962,"Jensen, Dennis",male,1962-02-28,1
Jess1922,"Jess, John",male,1922-04-15,1
Jessop1927,"Jessop, Don",male,1927-06-21,1
Johns1952,"Johns, Gary",male,1952-08-29,1
Johnson1862,"Johnson, Elliot",male,1862-04-10,1
Johnson1871,"Johnson, William",male,NA,1
Johnson1889,"Johnson, Herbert",male,1889-10-25,1
Johnson1924,"Johnson, Les",male,1924-11-22,1
Johnson1929,"Johnson, Keith",male,1929-03-28,1
Johnson1943,"Johnson, Peter",male,1943-08-27,1
Johnson1970,"Johnson, Michael",male,1970-01-31,1
Johnston1880,"Johnston, Bertie",male,1880-01-11,0
Johnston1930,"Johnston, Roger",male,1930-06-18,1
Johnston1943,"Johnston, Ricky",female,1943-09-29,1
Johnston1956,"Johnston, David",male,1956-02-14,0
Jolley1874,"Jolley, Edward",male,NA,1
Jolly1882,"Jolly, William",male,1882-09-11,1
Jones1878,"Jones, Paul",male,1878-06-15,1
Jones1917,"Jones, Charles",male,1917-09-12,1
Jones1944,"Jones, Andrew",male,1944-05-26,1
Jones1960,"Jones, Ewen",male,1960-03-07,1
Jones1965,"Jones, Stephen",male,1965-06-29,1
JonesBarry1932,"Jones, Barry",male,1932-10-11,1
JonesGerry1932,"Jones, Gerry",male,1932-08-16,0
Joshua1906,"Joshua, Bob",male,1906-06-06,1
Joske1895,"Joske, Percy",male,1895-10-05,1
Jowett1858,"Jowett, Edmund",male,1858-01-06,1
Joyce1967,"Joyce, Barnaby",male,1967-04-17,1
Jull1944,"Jull, David",male,1944-10-04,1
KakoschkeMoore1985,"Kakoschke-Moore, Skye",female,1985-12-19,0
Kane1908,"Kane, Jack",male,1908-07-23,0
Katter1918,"Katter, Bob (Sr)",male,1918-09-05,1
Katter1945,"Katter, Bob (Jr)",male,1945-05-22,1
Katz1887,"Katz, Fred",male,1887-05-21,0
Keane1881,"Keane, Richard",male,1881-02-14,1
Kearney1903,"Kearney, Victor",male,1903-12-10,1
Kearney1963,"Kearney, Ged",female,1963-10-29,1
Keating1872,"Keating, John",male,1872-06-28,0
Keating1944,"Keating, Paul",male,1944-01-18,1
Keay1975,"Keay, Justine",female,1975-03-18,1
Keeffe1919,"Keeffe, Jim",male,1919-08-20,0
Keenan1972,"Keenan, Michael",male,1972-03-19,1
Kekwick1910,"Kekwick, Bruce",male,1910-04-24,1
Kelly1877,"Kelly, William",male,1877-12-01,1
Kelly1912,"Kelly, Bert",male,1912-06-22,1
Kelly1948,"Kelly, Ros",female,1948-01-25,1
Kelly1954,"Kelly, De-Anne",female,1954-03-21,1
Kelly1960,"Kelly, Mike",male,1960-02-23,1
Kelly1963,"Kelly, Craig",male,1963-09-29,1
Kelly1964,"Kelly, Jackie",female,1964-02-18,1
Kemp1941,"Kemp, David",male,1941-10-14,1
Kemp1944,"Kemp, Charles",male,1944-12-21,0
Kendall1899,"Kendall, Roy",male,1899-06-09,0
Kendell1851,"Kendell, William",male,1851-03-06,1
Keneally1968,"Keneally, Kristina",female,1968-12-19,0
Kennedy1860,"Kennedy, Thomas",male,NA,1
Kennedy1940,"Kennedy, David",male,1940-03-20,1
Kennelly1900,"Kennelly, Pat",male,1900-06-03,0
Kent1927,"Kent, Lewis",male,1927-09-08,1
KentHughes1895,"Kent Hughes, Bill",male,1895-06-12,1
Keogh1931,"Keogh, Len",male,1931-06-02,1
Keogh1981,"Keogh, Matt",male,1981-11-11,1
Keon1915,"Keon, Stan",male,1915-07-02,1
Kerby1885,"Kerby, Edwin",male,1885-04-12,1
Kerin1937,"Kerin, John",male,1937-11-21,1
Kernot1948,"Kernot, Cheryl",female,1948-12-05,1
Kerr1952,"Kerr, Duncan",male,1952-02-26,1
Ketter1961,"Ketter, Christopher",male,1961-02-12,0
Khalil1973,"Khalil, Peter",male,1973-03-23,1
Kilgariff1923,"Kilgariff, Bernard",male,1923-09-30,0
Killen1860,"Killen, William",male,NA,1
Killen1925,"Killen, Jim",male,1925-11-23,1
King1920,"King, Robert",male,1920-03-22,1
King1952,"King, Peter",male,1952-06-29,1
King1966,"King, Catherine",female,1966-06-02,1
King1973,"King, Madeleine",female,1973-03-31,1
Kingsmill1864,"Kingsmill, Walter",male,1864-04-10,0
Kingston1850,"Kingston, Charles",male,1850-10-22,1
Kirk1967,"Kirk, Linda",female,1967-05-24,0
Kirwan1869,"Kirwan, John",male,1869-12-02,1
Kirwan1937,"Kirwan, Frank",male,1937-10-23,1
Kitching1970,"Kitching, Kimberley",female,1970-02-16,0
Klugman1924,"Klugman, Dick",male,1924-01-18,1
Kneebone1876,"Kneebone, Harry",male,1876-03-17,0
Knight1943,"Knight, John",male,1943-11-20,0
Knott1956,"Knott, Peter",male,1956-08-08,1
Knowles1951,"Knowles, Susan",female,1951-04-10,0
Knox1850,"Knox, William",male,1850-04-25,1
Kroger1959,"Kroger, Helen",female,1959-03-11,0
Lacey1887,"Lacey, Andrew",male,1887-10-09,1
Lacey1900,"Lacey, Robert",male,1900-01-12,0
Lajovic1921,"Lajovic, Misha",male,1921-07-23,0
Lamb1939,"Lamb, Tony",male,1939-03-07,1
Lamb1972,"Lamb, Susan",female,1972-03-23,1
Lambert1881,"Lambert, William",male,1881-03-24,1
Lambie1971,"Lambie, Jacqui",female,1971-02-26,0
Laming1966,"Laming, Andrew",male,1966-09-30,1
Lamond1865,"Lamond, Hector",male,1865-10-31,1
Lamp1895,"Lamp, Charles",male,1895-09-03,0
Landry1962,"Landry, Michelle",female,1962-10-15,1
Lane1873,"Lane, Albert",male,1873-07-24,1
Lang1876,"Lang, Jack",male,1876-12-21,1
Langmore1939,"Langmore, John",male,1939-09-03,1
Langtry1880,"Langtry, Joseph",male,1880-09-02,1
Large1878,"Large, William",male,1878-03-28,0
Latham1877,"Latham, John",male,1877-08-25,1
Latham1882,"Latham, Charles",male,1882-01-26,0
Latham1961,"Latham, Mark",male,1961-02-28,1
Laucke1914,"Laucke, Condor",male,1914-11-09,0
Laught1907,"Laught, Keith",male,1907-06-02,0
Laundy1971,"Laundy, Craig",male,1971-02-16,1
Lavarch1961,"Lavarch, Michael",male,1961-06-08,1
Lavelle1887,"Lavelle, Thomas",male,1887-12-02,1
Lawler1961,"Lawler, Tony",male,1961-10-18,1
Lawrence1906,"Lawrence, William",male,1906-07-28,1
Lawrence1948,"Lawrence, Carmen",female,1948-03-02,1
Lawrie1907,"Lawrie, Alexander",male,1907-06-19,0
Lawson1875,"Lawson, Harry",male,1875-03-05,0
Lawson1880,"Lawson, George",male,1880-08-14,1
Lawson1897,"Lawson, John",male,1897-03-24,1
Lazarus1965,"Lazarus, Glenn",male,1965-12-11,0
Lazzarini1894,"Lazzarini, Hubert",male,1894-09-08,1
Leckie1872,"Leckie, John",male,1872-10-14,1
Lee1856,"Lee, Henry",male,NA,1
Lee1920,"Lee, Mervyn",male,1920-08-18,1
Lee1957,"Lee, Michael",male,1957-03-24,1
Lees1948,"Lees, Meg",female,1948-10-19,0
Leeser1976,"Leeser, Julian",male,1976-05-25,1
Leigh1972,"Leigh, Andrew",male,1972-08-03,1
Lemmon1908,"Lemmon, Nelson",male,1908-03-22,1
Leslie1900,"Leslie, Hugh",male,1900-04-17,1
Lewis1882,"Lewis, Arthur",male,1882-04-22,1
Lewis1932,"Lewis, Austin",male,1932-12-05,0
Ley1879,"Ley, Thomas",male,1879-10-28,1
Ley1961,"Ley, Sussan",female,1961-12-14,1
Leyonhjelm1952,"Leyonhjelm, David",male,1952-04-01,0
Liddell1862,"Liddell, Frank",male,1862-06-26,1
Lieberman1938,"Lieberman, Lou",male,1938-05-23,1
Lightfoot1936,"Lightfoot, Ross",male,1936-08-11,0
Lillico1905,"Lillico, Elliot",male,1905-09-05,0
Lindgren1969,"Lindgren, Joanna",female,1969-12-05,0
Lindsay1905,"Lindsay, Robert",male,1905-08-18,1
Lindsay1942,"Lindsay, Ted",male,1942-12-19,1
Lindsay1944,"Lindsay, Peter",male,1944-05-04,1
Lines1953,"Lines, Sue",female,1953-12-15,0
Lister1875,"Lister, John",male,1875-05-13,1
Little1914,"Little, John",male,1914-10-13,0
Littleproud1976,"Littleproud, David",male,1976-09-04,1
Liu1964,"Liu, Gladys",female,1964-04-06,1
Livermore1969,"Livermore, Kirsten",female,1969-11-10,1
Livingston1856,"Livingston, John",male,1856-03-24,1
Lloyd1937,"Lloyd, Bruce",male,1937-02-24,1
Lloyd1954,"Lloyd, Jim",male,1954-07-17,1
Long1870,"Long, James",male,NA,0
Long1885,"Long, William",male,1885-06-18,1
Lonsdale1843,"Lonsdale, Edmund",male,1843-10-31,1
Loosley1952,"Loosley, Stephen",male,1952-12-29,0
Luchetti1904,"Luchetti, Tony",male,1904-05-27,1
Luck1900,"Luck, Aubrey",male,1900-11-14,1
Lucock1916,"Lucock, Philip",male,1916-01-16,1
Ludlam1970,"Ludlam, Scott",male,1970-01-10,0
Ludwig1959,"Ludwig, Joe",male,1959-07-21,0
Lundy1967,"Lundy, Kate",female,1967-12-15,0
Lusher1945,"Lusher, Stephen",male,1945-10-18,1
Lynch1862,"Lynch, John",male,NA,1
Lynch1867,"Lynch, Patrick",male,1867-05-24,0
Lynch1933,"Lynch, Phillip",male,1933-06-27,1
Lyne1844,"Lyne, William",male,1844-04-06,1
Lyons1879,"Lyons, Joseph",male,1879-09-15,1
Lyons1897,"Lyons, Enid",female,1897-07-09,1
Lyons1953,"Lyons, Geoff",male,1953-04-29,1
MacDonald1880,"MacDonald, John",male,1880-02-14,0
MacDonald1892,"MacDonald, Allan",male,1892-08-25,0
Macdonald1945,"Macdonald, Ian",male,1945-11-29,0
Macdonald1954,"Macdonald, Sandy",male,1954-05-10,0
MacdonaldPaterson1844,"Macdonald-Paterson, Thomas",male,1844-05-09,1
Macfarlane1844,"Macfarlane, James",male,1844-09-02,0
Macfarlane1955,"Macfarlane, Ian",male,1955-04-05,1
MacGibbon1934,"MacGibbon, David",male,1934-05-13,0
Mack1933,"Mack, Ted",male,1933-12-20,1
Mackay1872,"Mackay, George",male,1872-03-20,1
Mackay1919,"Mackay, Malcolm",male,1919-12-29,1
Mackay1960,"Mackay, Sue",female,1960-04-14,0
Mackellar1844,"Mackellar, Charles",male,1844-12-05,0
MacKellar1938,"MacKellar, Michael",male,1938-10-27,1
MacKenzie1941,"MacKenzie, Sandy",male,1941-08-29,1
Mackinnon1903,"Mackinnon, Dan",male,1903-02-11,1
Macklin1943,"Macklin, Michael",male,1943-02-25,0
Macklin1953,"Macklin, Jenny",female,1953-12-29,1
Macphee1938,"Macphee, Ian",male,1938-07-13,1
MacTiernan1953,"MacTiernan, Alannah",female,1953-01-10,1
Madigan1966,"Madigan, John",male,1966-07-21,0
Maguire1945,"Maguire, Graham",male,1945-04-21,0
Maher1891,"Maher, Edmund",male,1891-06-08,0
Maher1936,"Maher, Michael",male,1936-07-11,1
Mahon1857,"Mahon, Hugh",male,1857-01-06,1
Mahoney1892,"Mahoney, Gerald",male,1892-05-24,1
Mahony1877,"Mahony, William",male,NA,1
Maisey1915,"Maisey, Donald",male,1915-05-06,1
Makin1889,"Makin, Norman",male,1889-03-31,1
Maloney1854,"Maloney, William",male,1854-04-12,1
Manifold1867,"Manifold, Chester",male,1867-02-10,1
Mann1874,"Mann, Edward",male,1874-08-11,1
Manning1872,"Manning, Arthur",male,1872-01-01,1
Marek1964,"Marek, Paul",male,1964-07-25,1
Margetts1955,"Margetts, Dee",female,1955-03-05,0
Marino1954,"Marino, Nola",female,1954-02-18,1
Marks1875,"Marks, Walter",male,1875-06-06,1
Markus1958,"Markus, Louise",female,1958-09-06,1
Marles1967,"Marles, Richard",male,1967-07-13,1
Marr1880,"Marr, Charles",male,1880-03-23,1
Marriott1913,"Marriott, John",male,1913-02-16,0
Marshall1960,"Marshall, Gavin",male,1960-03-25,0
Martens1874,"Martens, George",male,NA,1
Martin1920,"Martin, Vincent",male,1920-05-14,1
Martin1948,"Martin, Stephen",male,1948-06-24,1
Martin1960,"Martin, Steve",male,1960-10-03,0
Martin1977,"Martin, Fiona",female,1977-11-16,1
Martyr1932,"Martyr, John",male,1932-05-25,1
Marwick1895,"Marwick, Thomas",male,1895-04-29,1
Mason1926,"Mason, Colin",male,1926-10-28,0
Mason1962,"Mason, Brett",male,1962-03-05,0
MassyGreene1874,"Massy-Greene, Walter",male,1874-11-06,1
Matheson1861,"Matheson, Alexander",male,1861-02-06,0
Matheson1958,"Matheson, Russell",male,1958-12-16,1
Mathews1865,"Mathews, James",male,NA,1
Mathews1935,"Mathews, Race",male,1935-03-27,1
Mattner1893,"Mattner, Ted",male,1893-09-16,0
Mauger1857,"Mauger, Samuel",male,1857-11-12,1
Maughan1863,"Maughan, William",male,1863-01-08,0
Maunsell1922,"Maunsell, Ron",male,1922-05-08,0
Maxwell1859,"Maxwell, George",male,1859-04-30,1
May1950,"May, Margaret",female,1950-06-30,1
Mayer1932,"Mayer, Helen",female,1932-09-07,1
McAllister1973,"McAllister, Jenny",female,1973-07-04,0
McArthur1937,"McArthur, Stewart",male,1937-10-27,1
McAuliffe1918,"McAuliffe, Ron",male,1918-07-25,0
McBain1982,"McBain, Kristy",female,1982-09-29,1
McBride1892,"McBride, Philip",male,1892-06-18,1
McBride1975,"McBride, Emma",female,1975-04-27,1
McCall1908,"McCall, William",male,1908-05-24,1
McCallum1892,"McCallum, John",male,1892-07-31,0
McCarthy1970,"McCarthy, Malarndirri",female,1970-04-19,0
McCay1864,"McCay, James",male,1864-12-21,1
McClelland1875,"McClelland, Hugh",male,1875-12-27,1
McClelland1915,"McClelland, Jim",male,1915-06-03,0
McClelland1926,"McClelland, Douglas",male,1926-08-05,0
McClelland1958,"McClelland, Robert",male,1958-01-26,1
McColl1844,"McColl, James",male,1844-01-31,1
McColm1914,"McColm, Malcolm",male,1914-06-25,1
McCormack1964,"McCormack, Michael",male,1964-08-02,1
McDonald,"McDonald, Susan",female,NA,0
McDonald1861,"McDonald, Charles",male,1861-08-08,1
McDonald1872,"McDonald, Frederick",male,1872-12-07,1
McDonald1888,"McDonald, Allan",male,1888-07-04,1
McDougall1857,"McDougall, Allan",male,1857-08-02,0
McDougall1867,"McDougall, John",male,1867-08-10,1
McDougall1946,"McDougall, Graeme",male,1946-11-21,1
McEacharn1852,"McEacharn, Malcolm",male,1852-02-08,1
McEwen1900,"McEwen, John",male,1900-03-29,1
McEwen1954,"McEwen, Anne",female,1954-08-03,0
McFarlane1944,"McFarlane, Jann",female,1944-05-22,1
McGauran1955,"McGauran, Peter",male,1955-11-16,1
McGauran1957,"McGauran, Julian",male,1957-03-05,0
McGowan1953,"McGowan, Cathy",female,1953-11-29,1
McGrath1872,"McGrath, Charles",male,1872-11-10,1
McGrath1974,"McGrath, James",male,1974-05-14,0
McGregor1848,"McGregor, Gregor",male,1848-10-18,0
McGuren1909,"McGuren, Frank",male,1909-10-15,1
McHugh1887,"McHugh, Charles",male,1887-04-23,0
McHugh1892,"McHugh, Sydney",male,1892-03-21,1
McHugh1934,"McHugh, Jeannette",female,1934-12-18,1
McIntosh1925,"McIntosh, Gordon",male,1925-05-29,0
McIntosh1977,"McIntosh, Melissa",female,1977-08-24,1
McIvor1900,"McIvor, Hector",male,1900-11-24,1
McKellar1903,"McKellar, Gerald",male,1903-05-29,0
McKenna1895,"McKenna, Nicholas",male,1895-09-09,0
McKenzie1933,"McKenzie, David",male,1933-05-30,1
McKenzie1969,"McKenzie, Bridget",female,1969-12-27,0
McKew1953,"McKew, Maxine",female,1953-07-22,1
McKiernan1944,"McKiernan, James",male,1944-10-11,0
McKim1965,"McKim, Nick",male,1965-06-11,0
McKissock1872,"McKissock, Andrew",male,1872-12-06,0
McLachlan1870,"McLachlan, James",male,1870-03-12,0
McLachlan1872,"McLachlan, Alexander",male,1872-11-02,0
McLachlan1936,"McLachlan, Ian",male,1936-10-02,1
McLachlan1966,"Andrew, McLachlan",male,1966-01-14,0
McLaren1921,"McLaren, Geoff",male,1921-02-01,0
McLean1840,"McLean, Allan",male,1840-02-03,1
McLean1863,"McLean, Francis",male,NA,1
McLean1937,"McLean, Paul",male,1937-03-13,0
McLean1944,"McLean, Ross",male,1944-06-30,1
McLeay1892,"McLeay, George",male,1892-08-06,0
McLeay1893,"McLeay, John (Sr)",male,1893-11-19,1
McLeay1922,"McLeay, John (Jr)",male,1922-03-30,1
McLeay1945,"McLeay, Leo",male,1945-10-04,1
McLeod1892,"McLeod, Donald",male,1892-10-29,1
McLucas1958,"McLucas, Jan",female,1958-03-27,0
McMahon1908,"McMahon, William",male,1908-02-23,1
McMahon1930,"McMahon, Leslie",male,1930-02-26,1
McMahon1967,"McMahon, Sam",female,1967-12-11,0
McManus1905,"McManus, Francis",male,1905-02-27,0
McMillan1850,"McMillan, William",male,1850-11-14,1
McMullan1947,"McMullan, Bob",male,1947-12-10,1
McMullin1900,"McMullin, Alister",male,1900-07-14,0
McNamara1964,"McNamara, Karen",female,1964-04-23,1
McNeill1868,"McNeill, John",male,NA,1
McNeill1921,"McNeill, Neil",male,1921-06-19,1
McNicoll1877,"McNicoll, Walter",male,1877-05-27,1
McTiernan1892,"McTiernan, Edward",male,1892-02-16,1
McVeigh1930,"McVeigh, Tom",male,1930-05-07,1
McVeigh1965,"McVeigh, John",male,1965-05-13,1
McWilliams1856,"McWilliams, William",male,1856-10-12,1
Melham1954,"Melham, Daryl",male,1954-11-26,1
Melzer1926,"Melzer, Jean",female,1926-02-07,0
Menzies1894,"Menzies, Robert",male,1894-12-20,1
Messner1939,"Messner, Tony",male,1939-09-24,0
Mildren1932,"Mildren, John",male,1932-10-20,1
Miles1947,"Miles, Chris",male,1947-08-21,1
Millar1925,"Millar, Clarrie",male,1925-06-15,1
Millen1860,"Millen, Edward",male,1860-11-07,0
Millen1877,"Millen, John",male,1877-05-03,0
Milliner1911,"Milliner, Bertie",male,1911-07-17,0
Milne1953,"Milne, Christine",female,1953-05-14,0
Milton1928,"Milton, Peter",male,1928-09-22,1
Minchin1953,"Minchin, Nick",male,1953-04-15,0
Minogue1893,"Minogue, Dan",male,1893-07-18,1
Mirabella1968,"Mirabella, Sophie",female,1968-10-27,1
Missen1925,"Missen, Alan",male,1925-07-22,0
MitchellBrian1967,"Mitchell, Brian",male,1967-07-16,1
MitchellRobert1967,"Mitchell, Rob",male,1967-09-09,1
Molan1950,"Molan, Jim",male,1950-04-11,0
Moloney1876,"Moloney, Parker",male,1876-08-12,1
Monaghan1921,"Monaghan, James",male,1921-09-20,1
Mooney1880,"Mooney, Patrick",male,1880-01-17,0
Moore1936,"Moore, John",male,1936-11-16,1
Moore1956,"Moore, Claire",female,1956-02-19,0
Morgan1881,"Morgan, Arthur",male,NA,1
Morgan1897,"Morgan, Charles",male,1897-01-27,1
Morris1903,"Morris, Kenneth",male,1903-10-22,0
Morris1932,"Morris, Peter",male,1932-07-29,1
Morris1936,"Morris, John",male,1936-06-12,0
Morris1940,"Morris, Allan",male,1940-07-26,1
Morrison1928,"Morrison, Bill",male,1928-11-03,1
Morrison1968,"Morrison, Scott",male,1968-05-13,1
Morrow1888,"Morrow, Bill",male,1888-10-22,0
Mortimer1912,"Mortimer, Jack",male,1912-10-30,1
Morton1981,"Morton, Ben",male,1981-06-29,1
Mossfield1935,"Mossfield, Frank",male,1935-06-04,1
Mountford1933,"Mountford, John",male,1933-11-21,1
Mountjoy1906,"Mountjoy, Don",male,1906-10-19,1
Moylan1944,"Moylan, Judi",female,1944-02-24,1
Muir1980,"Muir, Ricky",male,1980-12-25,0
Mulcahy1850,"Mulcahy, Edward",male,1850-03-28,0
Mulcahy1882,"Mulcahy, Dan",male,1882-01-07,1
Mulder1928,"Mulder, Allan",male,1928-08-19,1
Mulino1969,"Mulino, Daniel",male,1969-11-06,1
Mullan1871,"Mullan, John",male,1871-09-08,0
Mullens1896,"Mullens, Jack",male,1896-07-18,1
Mulvihill1919,"Mulvihill, Tony",male,1919-04-27,0
Munro1930,"Munro, Dugald",male,1930-06-12,1
Murphy1922,"Murphy, Lionel",male,1922-08-31,0
Murphy1950,"Murphy, John",male,1950-05-31,1
Murphy1952,"Murphy, Shayne",male,1952-01-08,0
Murphy1973,"Murphy, Peta",female,1973-11-01,1
Murray1906,"Murray, Reg",male,1906-04-27,0
Murray1915,"Murray, John",male,1915-12-31,1
Murray1947,"Murray, Andrew",male,1947-01-29,0
Mutch1956,"Mutch, Stephen",male,1956-02-04,1
Nairn1879,"Nairn, Walter",male,NA,1
Nairn1951,"Nairn, Gary",male,1951-01-03,1
Nash1890,"Nash, Richard",male,1890-07-02,0
Nash1965,"Nash, Fiona",female,1965-05-06,0
Neal1947,"Neal, Laurence",male,1947-07-18,0
Neal1963,"Neal, Belinda",female,1963-01-10,1
Needham1872,"Needham, Ted",male,1872-09-30,0
Negus1912,"Negus, Syd",male,1912-03-12,0
Nehl1934,"Nehl, Garry",male,1934-02-19,1
Neil1944,"Neil, Maurice",male,1944-05-29,1
Neild1846,"Neild, John",male,1846-01-04,0
Nelson1881,"Nelson, Harold",male,1881-12-21,1
Nelson1908,"Nelson, Jock",male,1908-05-28,1
Nelson1958,"Nelson, Brendan",male,1958-08-19,1
Nettle1973,"Nettle, Kerry",female,1973-12-24,0
Neumann1961,"Neumann, Shayne",male,1961-08-26,1
Neville1940,"Neville, Paul",male,1940-03-28,1
Newell1952,"Newell, Neville",male,1952-10-14,1
Newlands1864,"Newlands, John",male,1864-08-04,0
Newman1933,"Newman, Kevin",male,1933-10-10,1
Newman1937,"Newman, Jocelyn",female,1937-07-08,0
Nicholls1885,"Nicholls, Samuel",male,1885-05-15,1
Nicholls1894,"Nicholls, Theo",male,1894-08-21,0
Nicholls1917,"Nicholls, Martin",male,1917-04-03,1
Nikolic1961,"Nikolic, Andrew",male,1961-06-20,1
Nixon1928,"Nixon, Peter",male,1928-03-22,1
Nock1879,"Nock, Horace",male,1879-10-26,1
Nott1888,"Nott, Lewis",male,1888-02-12,1
Nugent1938,"Nugent, Peter",male,1938-04-01,1
Oakes1861,"Oakes, Charles",male,1861-11-30,0
Oakeshott1969,"Oakeshott, Rob",male,1969-12-14,1
OBrien1926,"O'Brien, Reginald",male,1926-01-23,1
OBrien1951,"O'Brien, Kerry",male,1951-07-19,0
OBrien1972,"O'Brien, Llew",male,1972-06-25,1
OBrien1974,"O'Brien, Ted",male,1974-05-07,1
OByrne1912,"O'Byrne, Justin",male,1912-06-01,0
OByrne1968,"O'Byrne, Michelle",female,1968-03-06,1
OChee1965,"O'Chee, Bill",male,1965-06-19,0
OConnor1851,"O'Connor, Richard",male,1851-08-04,0
OConnor1910,"O'Connor, William",male,1910-09-21,1
OConnor1947,"O'Connor, Gavan",male,1947-12-02,1
OConnor1962,"O'Connor, Brendan",male,1962-03-02,1
ODowd1950,"O'Dowd, Ken",male,1950-06-30,1
ODwyer1977,"O'Dwyer, Kelly",female,1977-03-31,1
OFlaherty1886,"O'Flaherty, Sid",male,1886-07-02,0
Ogden1868,"Ogden, James",male,1868-03-08,0
OHalloran1893,"O'Halloran, Mick",male,1893-04-12,0
OKeefe1864,"O'Keefe, David",male,1864-08-21,1
OKeefe1912,"O'Keefe, Frank",male,1912-10-06,1
OKeefe1947,"O'Keefe, Neil",male,1947-05-07,1
Oldmeadow1924,"Oldmeadow, Max",male,1924-08-03,1
Olley1927,"Olley, Frank",male,1927-01-18,1
OLoghlin1852,"O'Loghlin, James",male,1852-11-25,0
Olsen1945,"Olsen, John",male,1945-06-07,0
OMalley1854,"O'Malley, King",male,1854-07-04,1
ONeil1937,"O'Neil, Lloyd",male,1937-06-24,1
ONeil1980,"O'Neil, Clare",female,1980-09-12,1
ONeill1961,"O'Neill, Deborah",female,1961-06-04,1
Opperman1904,"Opperman, Hubert",male,1904-05-29,1
Orchard1871,"Orchard, Richard",male,1871-10-14,1
Organ1956,"Organ, Michael",male,1956-09-22,1
Ormonde1901,"Ormonde, James",male,1901-03-23,0
Osborne1909,"Osborne, Frederick",male,1909-01-20,1
OSullivan1900,"O'Sullivan, Neil",male,1900-08-02,0
OSullivan1957,"O'Sullivan, Barry",male,1957-03-24,0
OSullivan1986,"O'Sullivan, Matt",male,NA,0
OToole1956,"O'Toole, Cathy",female,1956-08-30,1
Owens1958,"Owens, Julie",female,1958-10-17,1
Ozanne1877,"Ozanne, Alfred",male,NA,1
Page1861,"Page, Jim",male,NA,1
Page1880,"Page, Earle",male,1880-08-08,1
Palmer1859,"Palmer, Albert",male,NA,1
Palmer1954,"Palmer, Clive",male,1954-03-26,1
Paltridge1910,"Paltridge, Shane",male,1910-01-11,0
Panizza1931,"Panizza, John",male,1931-03-24,0
Parer1936,"Parer, Warwick",male,1936-04-06,0
Parke1966,"Parke, Melissa",female,1966-08-11,1
Parkhill1879,"Parkhill, Archdale",male,1879-08-27,1
Parry1960,"Parry, Stephen",male,1960-10-31,0
Parsons1881,"Parsons, Walter",male,1881-08-16,1
Pasin1977,"Pasin, Tony",male,1977-10-01,1
Paterson1844,"Paterson, Alexander",male,1844-01-24,1
Paterson1882,"Paterson, Thomas",male,1882-11-20,1
Paterson1987,"Paterson, James",male,1987-11-21,0
Patrick1967,"Patrick, Rex",male,1967-05-08,0
Patten1859,"Patten, Robert",male,1859-01-18,1
Patterson1927,"Patterson, Rex",male,1927-01-08,1
Patterson1944,"Patterson, Kay",female,1944-11-21,0
Payne1866,"Payne, Herbert",male,1866-08-17,0
Payne1964,"Payne, Marise",female,1964-07-29,0
Payne1982,"Payne, Alicia",female,1982-07-24,1
Peacock1939,"Peacock, Andrew",male,1939-02-13,1
Pearce1870,"Pearce, Gerorge Foster",male,1870-01-14,0
Pearce1917,"Pearce, George",male,1917-09-17,1
Pearce1963,"Pearce, Chris",male,1963-03-01,1
Pearce1967,"Pearce, Gavin",male,1967-12-21,1
Pearsall1920,"Pearsall, Thomas",male,1920-04-11,1
Pearson1905,"Pearson, Rex",male,1905-01-13,0
Peris1971,"Peris, Nova",female,1971-02-25,0
Perkins1878,"Perkins, John",male,1878-05-18,1
Perrett1966,"Perrett, Graham",male,1966-01-05,1
Peters1897,"Peters, Ted",male,1897-06-12,1
Pettitt1910,"Pettitt, John",male,1910-09-25,1
Phelps1957,"Phelps, Kerryn",female,1957-12-14,1
Phillips1855,"Phillips, Pharez",male,1855-11-22,1
Phillips1970,"Phillips, Fiona",female,NA,1
Piesse1848,"Piesse, Frederick",male,1848-12-10,1
Piesse1900,"Piesse, Edmund",male,1900-01-05,0
Pigott1866,"Pigott, Henry",male,1866-10-02,1
Pitt1969,"Pitt, Keith",male,1969-08-31,1
Pittard1902,"Pittard, Alan",male,1902-11-15,1
Plain1868,"Plain, William",male,1868-03-11,0
Playford1837,"Playford, Thomas",male,1837-11-26,0
Plibersek1969,"Plibersek, Tanya",female,1969-12-02,1
Poke1906,"Poke, Bob",male,1906-02-16,0
Pollard1894,"Pollard, Reg",male,1894-10-31,1
Polley1957,"Polley, Helen",female,1957-02-09,0
Porter1950,"Porter, James",male,1950-02-19,1
Porter1970,"Porter, Christian",male,1970-07-11,1
Poulter1913,"Poulter, Max",male,1913-01-22,0
Powell1942,"Powell, Janet",female,1942-09-29,0
Power1883,"Power, Jack",male,1883-12-15,0
Poynton1853,"Poynton, Alexander",male,1853-08-08,1
Poyser1915,"Poyser, George",male,1915-02-13,0
Pratt1948,"Pratt, Mike",male,1948-02-10,1
Pratt1972,"Pratt, Louise",female,1972-04-18,0
Pratten1865,"Pratten, Herbert",male,1865-05-07,1
Pratten1899,"Pratten, Frederick",male,1899-12-03,1
Prentice1953,"Prentice, Jane",female,1953-06-22,1
Price1882,"Price, John",male,1882-02-14,1
Price1892,"Price, Grenfell",male,1892-01-28,1
Price1945,"Price, Roger",male,1945-11-26,1
Price1963,"Price, Melissa",female,1963-12-12,1
Primmer1924,"Primmer, Cyril",male,1924-04-19,0
Prosser1948,"Prosser, Geoff",male,1948-11-06,1
Prowse1871,"Prowse, John",male,1871-06-16,1
Prowse1905,"Prowse, Edgar",male,1905-03-22,0
Pulsford1844,"Pulsford, Edward",male,1844-09-29,0
Punch1957,"Punch, Gary",male,1957-08-21,1
Puplick1948,"Puplick, Christopher",male,1948-05-13,0
Pyne1967,"Pyne, Christopher",male,1967-08-13,1
Quick1852,"Quick, John",male,1852-04-14,1
Quick1941,"Quick, Harry",male,1941-06-28,1
Quirke1950,"Quirke, John",male,1950-09-09,0
Rae1860,"Rae, Arthur",male,1860-03-14,0
Rae1932,"Rae, Peter",male,1932-09-24,0
Raguse1960,"Raguse, Brett",male,1960-03-24,1
Ramsey1956,"Ramsey, Rowan",male,1956-08-04,1
Randall1953,"Randall, Don",male,1953-05-02,1
Rankin1887,"Rankin, George",male,1887-05-01,1
Rankin1908,"Rankin, Annabelle",female,1908-07-28,0
Ray1947,"Ray, Robert",male,1947-04-08,0
Rea1963,"Rea, Kerry",female,1963-04-16,1
Ready1878,"Ready, Rudolph",male,1878-12-15,0
Reeves1952,"Reeves, John",male,1952-01-02,1
Reid1842,"Reid, Robert",male,1842-10-17,0
Reid1845,"Reid, George",male,1845-02-25,1
Reid1856,"Reid, Matthew",male,1856-09-30,0
Reid1886,"Reid, Albert",male,1886-07-25,0
Reid1916,"Reid, Len",male,1916-09-21,1
Reid1933,"Reid, David",male,1933-05-10,0
ReidMargaret1935,"Reid, Margaret",female,1935-05-28,0
ReidNicholas1935,"Reid, Bruce",male,1935-07-30,1
Reith1950,"Reith, Peter",male,1950-07-15,1
Rennick1970,"Rennick, Gerard",male,1970-11-05,0
Reynolds1923,"Reynolds, Len",male,1923-11-19,1
Reynolds1941,"Reynolds, Margaret",female,1941-07-19,0
Reynolds1965,"Reynolds, Linda",female,1965-05-16,0
Rhiannon1951,"Rhiannon, Lee",female,1951-05-30,0
Rice1960,"Rice, Janet",female,1960-11-18,0
Richardson1939,"Richardson, Peter",male,1939-01-23,1
Richardson1949,"Richardson, Graham",male,1949-09-27,0
Richardson1958,"Richardson, Kym",male,1958-03-16,1
Ridgeway1962,"Ridgeway, Aden",male,1962-09-18,0
Ridley1909,"Ridley, Clem",male,1909-03-13,0
Riggall1941,"Riggall, John",male,1941-05-10,1
Riley1859,"Riley, Edward",male,NA,1
Riley1892,"Riley, Edward Charles",male,1892-08-09,1
Riordan1886,"Riordan, Darby",male,1886-07-23,1
Riordan1908,"Riordan, Bill",male,1908-02-08,1
Riordan1930,"Riordan, Joe",male,1930-02-27,1
Ripoll1966,"Ripoll, Bernie",male,1966-01-06,1
Rishworth1978,"Rishworth, Amanda",female,1978-07-10,1
Robb1951,"Robb, Andrew",male,1951-08-20,1
Robert1970,"Robert, Stuart",male,1970-12-11,1
Roberton1900,"Roberton, Hugh",male,1900-12-18,1
Roberts1869,"Roberts, Ernest",male,1869-02-21,1
Roberts1955,"Roberts, Malcolm",male,1955-05-03,0
Robertson1882,"Robertson, Agnes",female,1882-07-31,0
Robertson1929,"Robertson, Ted",male,1929-03-18,0
Robinson1872,"Robinson, Arthur",male,1872-04-23,1
Robinson1877,"Robinson, Albert",male,1877-05-20,0
Robinson1907,"Robinson, Bill",male,1907-10-04,0
Robinson1927,"Robinson, Ian",male,1925-03-27,1
Robinson1929,"Robinson, Eric",male,1929-01-18,1
Rocher1936,"Rocher, Allan",male,1936-02-16,1
Rodgers1875,"Rodgers, Arthur",male,1875-03-20,1
Ronald1861,"Ronald, James",male,1861-08-27,1
Ronaldson1954,"Ronaldson, Michael",male,1954-02-13,1
Rosevear1892,"Rosevear, Sol",male,1892-04-04,1
Rowe1872,"Rowe, Albert",male,NA,1
Rowell1851,"Rowell, James",male,1851-01-20,0
Rowland1971,"Rowland, Michelle",female,1971-11-16,1
Roxon1967,"Roxon, Nicola",female,1967-04-01,1
Roy1990,"Roy, Wyatt",male,1990-05-22,1
Rudd1957,"Rudd, Kevin",male,1957-09-21,1
Ruddock1943,"Ruddock, Philip",male,1943-03-12,1
Russell1842,"Russell, William",male,1842-10-20,0
Russell1878,"Russell, Edward",male,1878-08-10,0
Russell1890,"Russell, Edgar",male,1890-10-24,1
Russell1907,"Russell, Charles",male,1907-04-24,1
Ruston1963,"Ruston, Anne",female,1963-06-10,0
Ryan1876,"Ryan, TJ",male,1876-07-01,1
Ryan1884,"Ryan, Rupert",male,1884-05-06,1
Ryan1890,"Ryan, John",male,1890-12-02,0
Ryan1942,"Ryan, Susan",female,1942-10-10,0
Ryan1961,"Ryan, Joanne",female,1961-07-29,1
Ryan1973,"Ryan, Scott",male,1973-05-12,0
Ryrie1865,"Ryrie, Granville",male,1865-07-01,1
Saffin1954,"Saffin, Janelle",female,1954-11-01,1
Sainsbury1940,"Sainsbury, Murray",male,1940-09-14,1
Salmon1861,"Salmon, Carty",male,1861-07-29,1
Sampson1863,"Sampson, Sydney",male,NA,1
Sampson1882,"Sampson, Burford",male,1882-03-30,0
Sanders1932,"Sanders, Norman",male,1932-10-15,0
Sandford1895,"Sandford, Charles",male,1895-09-11,0
Santoro1956,"Santoro, Santo",male,1956-04-27,0
Sargood1834,"Sargood, Frederick",male,1834-05-30,0
Saunders1855,"Saunders, Henry",male,1855-02-16,0
Saunderson1948,"Saunderson, John",male,1948-05-31,1
Sawers1844,"Sawers, William",male,NA,1
Sawford1944,"Sawford, Rod",male,1944-06-26,1
Sayers1845,"Sayers, Robert",male,1845-01-27,0
Scarr1969,"Scarr, Paul",male,1969-08-20,0
Schacht1946,"Schacht, Christopher",male,1946-12-06,0
Scholes1931,"Scholes, Gordon",male,1931-06-07,1
Scholfield1894,"Scholfield, Thomas",male,1894-05-09,1
Schultz1939,"Schultz, Alby",male,1939-05-29,1
Sciacca1947,"Sciacca, Con",male,1947-06-13,1
Scott1910,"Scott, Malcolm",male,1910-05-11,0
Scott1920,"Scott, Douglas",male,1920-05-12,0
Scott1934,"Scott, John",male,1934-03-31,1
Scott1943,"Scott, Bruce",male,1943-10-20,1
Scott1947,"Scott, Les",male,1947-10-18,1
Scott1977,"Scott, Fiona",female,1977-03-01,1
Scullin1876,"Scullin, Jim",male,1876-09-18,1
Scullion1956,"Scullion, Nigel",male,1956-05-04,0
Scully1890,"Scully, William",male,1890-02-01,1
Seabrook1867,"Seabrook, Alfred",male,1867-04-05,1
Secker1956,"Secker, Patrick",male,1956-06-06,1
Senior1850,"Senior, William",male,1850-02-09,0
Sercombe1949,"Sercombe, Bob",male,1949-04-03,1
Seselja1977,"Seselja, Zed",male,1977-03-27,0
Seward1884,"Seward, Harrie",male,1884-02-26,0
Sexton1905,"Sexton, Joe",male,1905-11-24,1
Shack1953,"Shack, Peter",male,1953-06-20,1
Shannon1862,"Shannon, John",male,1862-04-28,0
Sharkie1972,"Sharkie, Rebekha",female,1972-08-24,1
Sharma1975,"Sharma, Dave",male,1975-12-21,1
Sharp1954,"Sharp, John",male,1954-12-15,1
Sharpe1868,"Sharpe, James",male,NA,1
Shaw1913,"Shaw, George",male,1913-07-28,1
Sheehan1885,"Sheehan, Jim",male,1885-07-24,0
Sheehan1891,"Sheehan, Tom",male,1891-04-14,1
Sheehy1899,"Sheehy, Tom",male,1899-05-19,1
Sheil1929,"Sheil, Glen",male,1929-10-21,0
Sheldon1961,"Sheldon, Tony",male,1961-08-26,0
Sherrington1902,"Sherrington, Bob",male,1902-01-21,0
Sherry1924,"Sherry, Ray",male,1924-10-03,1
Sherry1955,"Sherry, Nick",male,1955-11-19,0
Shipton1936,"Shipton, Roger",male,1936-08-05,1
Short1936,"Short, Jim",male,1936-12-07,1
Short1956,"Short, Leonie",female,1956-01-01,1
Shorten1967,"Shorten, Bill",male,1967-05-12,1
Sibraa1937,"Sibraa, Kerry",male,1937-10-12,0
Siddons1927,"Siddons, John",male,1927-10-05,0
Sidebottom1951,"Sidebottom, Sid",male,1951-04-23,1
Siewert1961,"Siewert, Rachel",female,1961-11-04,0
Sim1917,"Sim, John",male,1917-01-21,0
Simmonds1889,"Simmonds, Wilfrid",male,1889-12-19,0
Simmonds1985,"Simmonds, Julian",male,1985-08-29,1
Simmons1947,"Simmons, David",male,1947-11-07,1
Simms1984,"Simms, Robert",male,1984-03-26,0
Simon1936,"Simon, Barry",male,1936-04-01,1
Simpkins1964,"Simpkins, Luke",male,1964-06-08,1
Sinclair1864,"Sinclair, Hugh",male,1864-06-06,1
Sinclair1929,"Sinclair, Ian",male,1929-06-10,1
Singh1972,"Singh, Lisa",female,1972-02-20,0
Sinodinos1957,"Sinodinos, Arthur",male,1957-02-25,0
Skene1845,"Skene, Thomas",male,1845-12-15,1
Slipper1950,"Slipper, Peter",male,1950-02-14,1
Small1988,"Small, Ben",male,NA,0
Smith1851,"Smith, Bruce",male,1851-06-28,1
Smith1856,"Smith, Sydney",male,1856-04-11,1
Smith1881,"Smith, Albert",male,1881-01-02,1
Smith1939,"Smith, Silvia",female,1939-12-22,1
Smith1950,"Smith, Tony (Anthony Charles)",male,1950-07-15,1
Smith1954,"Smith, Warwick",male,1954-05-13,1
Smith1955,"Smith, Stephen",male,1955-12-12,1
Smith1967,"Smith, Tony (Anthony David)",male,1967-03-13,1
Smith1969,"Smith, Dean",male,1969-05-15,0
Smith1970,"Smith, David",male,1970-03-25,1
Smith1986,"Smith, Marielle",female,1986-12-30,0
SmithMiles1869,"Smith, Staniforth",male,1869-02-25,0
SmithWilliam1869,"Smith, William Laird",male,1869-09-15,1
Smyth1959,"Smyth, Brendan",male,1959-07-27,1
Smyth1976,"Smyth, Laura",female,1976-11-12,1
Snedden1926,"Snedden, Billy",male,1926-12-31,1
Snow1934,"Snow, James",male,1934-09-15,1
Snowdon1950,"Snowdon, Warren",male,1950-03-20,1
Solomon1839,"Solomon, Elias",male,1839-09-02,1
Solomon1853,"Solomon, Vaiben",male,1853-05-13,1
Solomon1931,"Solomon, Robert",male,1931-11-02,1
Somlyay1946,"Somlyay, Alex",male,1946-01-18,1
Southcott1967,"Southcott, Andrew",male,1967-10-15,1
Sowada1961,"Sowada, Karin",female,1961-11-01,0
Spence1846,"Spence, William",male,1846-08-07,1
Spender1897,"Spender, Percy",male,1897-10-05,1
Spender1935,"Spender, John",male,1935-12-02,1
Spender1975,"Spender, Duncan",male,1975-06-18,0
Spicer1899,"Spicer, John",male,1899-03-05,0
Spindler1932,"Spindler, Sid",male,1932-07-09,0
Spooner1891,"Spooner, Eric",male,1891-03-02,1
Spooner1897,"Spooner, Bill",male,1897-12-23,0
Spurr1897,"Spurr, Lancelot",male,1897-03-17,1
Stacey1879,"Stacey, Fred",male,1879-08-06,1
Staley1939,"Staley, Tony",male,1939-05-15,1
Stanley1961,"Stanley, Anne",female,1961-10-06,1
Staples1947,"Staples, Peter",male,1947-10-15,1
StClair1949,"St Clair, Stuart",male,1949-11-21,1
Steedman1943,"Steedman, Peter",male,1943-12-07,1
SteeleJohn1994,"Steele-John, Jordon",male,1994-10-14,0
Steggall1974,"Steggall, Zali",female,1974-04-16,1
Stephens1954,"Stephens, Ursula",female,1954-07-07,0
Sterle1960,"Sterle, Glenn",male,1960-01-03,0
Stevens1983,"Stevens, James",male,1983-03-27,1
Stewart1850,"Stewart, James",male,1850-09-07,0
Stewart1884,"Stewart, Frederick",male,1884-08-14,1
Stewart1885,"Stewart, Percy",male,1885-10-18,1
Stewart1923,"Stewart, Frank",male,1923-02-20,1
StJohn1916,"St John, Edward",male,1916-08-15,1
StLedger1859,"St Ledger, Anthony",male,1859-02-18,0
Stoker1982,"Stoker, Amanda",female,1982-10-30,0
Stokes1906,"Stokes, Philip",male,1906-10-25,1
Stone1929,"Stone, John",male,1929-01-31,0
Stone1951,"Stone, Sharman",female,1951-04-23,1
Storer1969,"Storer, Tim",male,1969-10-24,0
Storrer1854,"Storrer, David",male,1854-11-24,1
Story1857,"Story, William",male,1857-05-31,1
StottDespoja1969,"Stott Despoja, Natasha",female,1969-09-09,0
Street1894,"Street, Geoffrey",male,1894-01-21,1
Street1926,"Street, Tony",male,1926-02-08,1
Stumm1853,"Stumm, Jacob",male,1853-08-26,1
Styles1841,"Styles, James",male,1841-07-03,0
Sudmalis1955,"Sudmalis, Ann",female,1955-09-16,1
Sukkar1981,"Sukkar, Michael",male,1981-09-11,1
Sullivan1929,"Sullivan, John",male,1929-02-07,1
Sullivan1942,"Sullivan, Kathy",female,1942-03-08,1
Sullivan1950,"Sullivan, Jon",male,1950-11-10,1
Swan1954,"Swan, Wayne",male,1954-06-30,1
Swanson1970,"Swanson, Meryl",female,1970-09-03,1
Swartz1911,"Swartz, Reg",male,1911-04-14,1
Symon1846,"Symon, Josiah",male,1846-09-27,0
Symon1965,"Symon, Mike",male,1965-02-21,1
Synon1959,"Synon, Karen",female,1959-09-15,0
Tambling1943,"Tambling, Grant",male,1943-06-20,1
Tangney1907,"Tangney, Dorothy",female,1907-03-13,0
Tanner1956,"Tanner, Lindsay",male,1956-04-24,1
Tate1894,"Tate, John",male,1894-03-21,0
Tate1945,"Tate, Michael",male,1945-07-06,0
Taylor1938,"Taylor, Bill",male,1938-09-14,1
Taylor1966,"Taylor, Angus",male,1966-09-30,1
Tchen1941,"Tchen, Tsebin",male,1941-03-10,0
Teague1944,"Teague, Baden",male,1944-09-18,0
Tehan1916,"Tehan, Tom",male,1916-01-18,0
Tehan1968,"Tehan, Dan",male,1968-01-27,1
Templeman1963,"Templeman, Susan",female,1963-07-30,1
Theodore1884,"Theodore, Ted",male,1884-12-29,1
Theophanous1946,"Theophanous, Andrew",male,1946-03-24,1
Thistlethwaite1972,"Thistlethwaite, Matt",male,1972-09-06,1
Thomas1863,"Thomas, Josiah",male,1863-04-28,1
Thomas1936,"Thomas, Andrew",male,1936-03-14,0
Thompson1863,"Thompson, William",male,1863-03-02,0
Thompson1885,"Thompson, Victor",male,1885-09-10,1
Thompson1886,"Thompson, Albert",male,1886-11-14,1
Thompson1960,"Thompson, Cameron",male,1960-10-01,1
Thompson1988,"Thompson, Phillip",male,1988-05-07,1
Thomson1848,"Thomson, Dugald",male,1848-12-28,1
Thomson1856,"Thomson, David Alexander",male,1856-02-26,1
Thomson1862,"Thomson, John",male,NA,1
Thomson1924,"Thomson, David Scott",male,1924-11-21,1
Thomson1955,"Thomson, Kelvin",male,1955-05-01,1
Thomson1961,"Thomson, Andrew",male,1961-01-07,1
Thomson1964,"Thomson, Craig",male,1964-07-31,1
Thorburn1930,"Thorburn, Ray",male,1930-11-15,1
Thorby1888,"Thorby, Harold",male,1888-10-02,1
Thorp1953,"Thorp, Lin",female,1953-11-04,0
Thorpe1973,Lidia Thorpe,female,1973-08-18,0
Thwaites1980,"Thwaites, Kate",female,1980-01-19,1
Ticehurst1945,"Ticehurst, Ken",male,1945-01-22,1
Tickner1951,"Tickner, Robert",male,1951-12-24,1
Tierney1946,"Tierney, John",male,1946-01-21,0
Tillem1974,"Tillem, Mehmet",male,1974-09-10,0
Timson1909,"Timson, Frank",male,1909-02-09,1
Tollner1966,"Tollner, Dave",male,1966-01-31,1
Toohey1909,"Toohey, Jim",male,1909-07-11,0
Townley1907,"Townley, Athol",male,1907-10-03,1
Townley1934,"Townley, Michael",male,1934-11-04,0
Treloar1892,"Treloar, Thomas",male,1892-08-01,1
Trenwith1846,"Trenwith, William",male,1846-07-15,0
Trevor1961,"Trevor, Chris",male,1961-06-23,1
Troeth1940,"Troeth, Judith",female,1940-08-03,0
Trood1948,"Trood, Russell",male,1948-12-05,0
Truss1948,"Truss, Warren",male,1948-10-08,1
Tuckey1935,"Tuckey, Wilson",male,1935-07-10,1
Tudge1971,"Tudge, Alan",male,1971-02-24,1
Tudor1866,"Tudor, Frank",male,1866-01-27,1
Tully1877,"Tully, James",male,NA,1
Turley1859,"Turley, Henry",male,1859-04-24,0
Turnbull1899,"Turnbull, Winton",male,1899-12-13,1
Turnbull1908,"Turnbull, Reg",male,1908-02-21,0
Turnbull1954,"Turnbull, Malcolm",male,1954-10-24,1
Turner1851,"Turner, George",male,1851-08-08,1
Turner1905,"Turner, Harry",male,1905-07-08,1
Turnour1966,"Turnour, James",male,1966-04-07,1
Uppill1876,"Uppill, Oliver",male,1876-05-09,0
Uren1921,"Uren, Tom",male,1921-05-28,1
Urquhart1957,"Urquhart, Anne",female,1957-10-18,0
Vaile1956,"Vaile, Mark",male,1956-04-18,1
Vale1944,"Vale, Danna",female,1944-11-14,1
Vallentine1946,"Vallentine, Jo",female,1946-05-30,0
Vamvakinou1959,"Vamvakinou, Maria",female,1959-01-04,1
Van,"Van, David",male,NA,0
vanManen1965,"van Manen, Bert",male,1965-03-24,1
Vanstone1952,"Vanstone, Amanda",female,1952-12-07,0
Vardon1843,"Vardon, Joseph",male,1843-07-27,0
Vardon1866,"Vardon, Edward",male,1866-11-10,0
Varvaris1974,"Varvaris, Nickolas",male,1974-05-25,1
Vasta1966,"Vasta, Ross",male,1966-10-08,1
Verran1856,"Verran, John",male,1856-08-09,0
Vigor1939,"Vigor, David",male,1939-06-24,0
Vincent1906,"Vincent, Seddon",male,1906-06-01,0
Viner1933,"Viner, Ian",male,1933-01-21,1
Wade1905,"Wade, Harrie",male,1905-01-10,0
Wakelin1946,"Wakelin, Barry",male,1946-05-07,1
Walker1841,"Walker, James",male,1841-03-20,0
Walker1942,"Walker, Frank",male,1942-07-07,1
Wallace1881,"Wallace, Con",male,1881-01-19,1
Wallace1968,"Wallace, Andrew",male,1968-04-23,1
Wallis1922,"Wallis, Laurie",male,1922-09-10,1
Walsh1935,"Walsh, Peter",male,1935-03-11,0
Walsh1971,"Walsh, Jess",female,1971-05-16,0
Walters1925,"Walters, Shirley",female,1925-08-31,0
Wang1981,"Wang, Dio",male,1981-01-20,0
Ward1872,"Ward, Frederick",male,1872-05-11,0
Ward1899,"Ward, Eddie",male,1899-03-07,1
Wardlaw1888,"Wardlaw, Robert",male,1888-08-04,0
Washer1945,"Washer, Mal",male,1945-08-12,1
Waters1977,"Waters, Larissa",female,1977-02-08,0
Watkins1865,"Watkins, David (Member)",male,1865-05-05,1
Watkins1896,"Watkins, David (Oliver)",male,1896-07-10,1
Watson1864,"Watson, William",male,1864-10-22,1
Watson1867,"Watson, Chris",male,1867-04-09,1
Watson1870,"Watson, David (Senator)",male,1870-02-14,0
Watson1937,"Watson, John",male,1937-01-25,0
Watson1945,"Watson, David",male,1945-01-29,1
Watt1871,"Watt, William",male,1871-11-23,1
Watt1973,"Watt, Murray",male,1973-01-20,0
Watts1982,"Watts, Tim",male,1982-06-08,1
Webb1908,"Webb, Harry",male,1908-02-02,1
Webber1965,"Webber, Ruth",female,1965-03-24,0
Webster1860,"Webster, William",male,1860-06-07,1
Webster1925,"Webster, James",male,1925-06-14,0
Webster1934,"Webster, Alasdair",male,1934-02-12,1
Webster1959,"Webster, Anne",female,NA,1
Wedgwood1896,"Wedgwood, Ivy",female,1896-10-18,0
Wells1949,"Wells, Deane",male,1949-01-13,1
Wells1985,"Wells, Anika",female,NA,1
Wentworth1907,"Wentworth, William",male,1907-09-08,1
West1852,"West, John",male,1852-01-27,1
West1934,"West, Stewart",male,1934-03-31,1
West1947,"West, Sue",female,1947-09-21,0
West1952,"West, Andrea",female,1952-09-16,1
Whan1933,"Whan, Bob",male,1933-01-05,1
Wheeldon1929,"Wheeldon, John",male,1929-08-09,0
Wheeler1909,"Wheeler, Roy",male,1909-02-04,1
Wheelwright1953,"Wheelwright, Thomas",male,1953-04-29,0
WhishWilson1968,"Whish-Wilson, Peter",male,1968-02-24,0
White1888,"White, Thomas",male,1888-04-26,1
White1936,"White, Peter",male,1936-01-19,1
Whiteley1960,"Whiteley, Brett",male,1960-07-01,1
Whiteside1902,"Whiteside, George",male,1902-09-20,0
Whitlam1916,"Whitlam, Gough",male,1916-07-11,1
Whitlam1944,"Whitlam, Tony",male,1944-01-07,1
Whitsitt1869,"Whitsitt, Joshua",male,1869-09-26,1
Whittorn1911,"Whittorn, Ray",male,1911-10-04,1
Wicks1973,"Wicks, Lucy",female,1973-01-01,1
Wienholt1877,"Wienholt, Arnold",male,1877-11-25,1
Wight1914,"Wight, Bruce",male,1914-06-16,1
Wilkie1959,"Wilkie, Kim",male,1959-06-03,1
Wilkie1961,"Wilkie, Andrew",male,1961-11-08,1
Wilkinson1854,"Wilkinson, James",male,1854-11-30,1
Wilkinson1903,"Wilkinson, Lawrence",male,1903-11-12,0
Wilks1863,"Wilks, William",male,1863-06-21,1
Willesee1916,"Willesee, Don",male,1916-04-14,0
Williams1897,"Williams, Thomas",male,1897-04-07,1
Williams1942,"Williams, Daryl",male,1942-08-21,1
Williams1955,"Williams, John",male,1955-01-16,0
Williams1973,"Williams, Matt",male,1973-03-28,1
Willis1860,"Willis, Henry",male,1860-04-06,1
Willis1938,"Willis, Ralph",male,1938-04-14,1
Wilson1863,"Wilson, Gratton",male,1863-08-18,1
Wilson1877,"Wilson, Reginald",male,1877-06-30,0
Wilson1880,"Wilson, Alex",male,1880-06-07,1
Wilson1900,"Wilson, Keith",male,1900-09-03,1
Wilson1932,"Wilson, Ian",male,1932-05-02,1
Wilson1966,"Wilson, Rick",male,1966-01-02,1
Wilson1972,"Wilson, Josh",male,1972-06-05,1
Wilson1980,"Wilson, Tim",male,1980-03-12,1
Wilton1955,"Wilton, Greg",male,1955-11-06,1
Windsor1950,"Windsor, Tony",male,1950-09-02,1
Wise1853,"Wise, George",male,1853-07-01,1
Withers1924,"Withers, Reg",male,1924-10-26,0
Wong1968,"Wong, Penny",female,1968-11-05,0
Wood1901,"Wood, Ian",male,1901-01-31,0
Wood1949,"Wood, Robert",male,1949-11-13,0
Wood1968,"Wood, Jason",male,1968-05-24,1
Woodley1938,"Woodley, John",male,1938-02-09,0
WoodsHarry1947,"Woods, Harry",male,1947-12-23,1
WoodsRobert1947,"Woods, Bob",male,1947-04-13,1
Wooldridge1956,"Wooldridge, Michael",male,1956-11-07,1
Wordsworth1894,"Wordsworth, Robert",male,1894-07-21,0
Worth1946,"Worth, Trish",female,1946-04-21,1
Wortley1959,"Wortley, Dana",female,NA,0
Wriedt1927,"Wriedt, Ken",male,1927-07-11,0
Wright1905,"Wright, Reg",male,1905-07-10,0
Wright1942,"Wright, Keith",male,1942-01-09,1
Wright1961,"Wright, Penny",female,1961-01-19,0
Wyatt1952,"Wyatt, Ken",male,1952-08-04,1
Wynne1850,"Wynne, Agar",male,1850-01-15,1
Xenophon1959,"Xenophon, Nick",male,1959-01-29,0
Yates1871,"Yates, Gunner",male,1871-05-14,1
Yates1921,"Yates, William",male,1921-09-15,1
Young1923,"Young, Harold",male,1923-06-30,0
Young1936,"Young, Mick",male,1936-10-09,1
Young1968,"Young, Terry",male,1968-02-20,1
Zahra1973,"Zahra, Christian",male,1973-04-08,1
Zakharov1929,"Zakharov, Olive",female,1929-03-19,0
Zammit1941,"Zammit, Paul",male,1941-04-28,1
Zappia1952,"Zappia, Tony",male,1952-06-13,1
Zeal1830,"Zeal, William",male,1830-12-05,0
Zimmerman1968,"Zimmerman, Trent",male,1968-10-15,1
