uniqueID,division,stateOfDivision,enteredAtByElection,mpFrom,mpTo,mpEndReason,mpChangedSeat,mpComments
Abbott1869,New England,NSW,No,1913-05-31,1919-11-03,Retired,NA,NA
Abbott1886,Gwydir,NSW,No,1925-11-14,1929-10-12,Defeated,NA,NA
Abbott1886,Gwydir,NSW,No,1931-12-19,1937-03-28,Resigned,NA,NA
Abbott1891,New England,NSW,No,1940-09-21,1949-10-31,Retired,NA,NA
Abbott1957,Warringah,NSW,Yes,1994-03-26,2019-05-18,Defeated,NA,NA
Abel1939,Evans,NSW,No,1975-12-13,1977-11-10,Retired,NA,NA
Adams1951,Lyons,TAS,No,1993-03-13,2013-09-07,Defeated,NA,NA
Adermann1896,Fisher,QLD,No,1949-12-10,1972-11-02,Retired,NA,NA
Adermann1896,Maranoa,QLD,No,1943-08-21,1949-12-10,Until Elected For Fisher,1,NA
Adermann1927,Fairfax,QLD,No,1984-12-01,1990-02-19,Retired,NA,NA
Adermann1927,Fisher,QLD,No,1972-12-02,1984-12-01,Until Elected For Fairfax,1,NA
Ahern1871,Indi,VIC,No,1913-05-31,1914-09-05,Defeated,NA,NA
Albanese1963,Grayndler,NSW,No,1996-03-02,NA,NA,NA,NA
Aldred1945,Bruce,VIC,Yes,1983-05-28,1990-03-24,Until Elected For Deakin,1,NA
Aldred1945,Deakin,VIC,No,1990-03-24,1996-01-29,Retired,NA,NA
Aldred1945,Henty,VIC,No,1975-12-13,1980-10-18,Defeated,NA,NA
Alexander1951,Bennelong,NSW,No,2010-08-21,2017-11-11,Resigned,NA,Eligibility issues.
Alexander1951,Bennelong,NSW,Yes,2018-12-16,NA,NA,NA,NA
Allan1916,Gwydir,NSW,Yes,1953-12-19,1969-04-30,Resigned,NA,NA
Allen1966,Higgins,VIC,No,2019-05-18,NA,NA,NA,NA
Aly1967,Cowan,WA,No,2016-07-02,NA,NA,NA,NA
Anderson1956,Gwydir,NSW,Yes,1989-04-15,2007-10-17,Retired,NA,NA
AndersonCharles1897,Hume,NSW,No,1949-12-10,1951-04-28,Defeated,NA,NA
AndersonCharles1897,Hume,NSW,No,1955-12-10,1961-12-09,Defeated,NA,NA
AndersonGordon1897,Kingsford-Smith,NSW,No,1949-12-10,1955-11-04,Retired,NA,Same as Kingsford Smith - name was changed in 2001
Andren1946,Calare,NSW,No,1996-03-02,2007-10-17,Retired,NA,NA
Andrew1944,Wakefield,SA,No,1983-03-05,2004-08-31,Retired,NA,NA
Andrews1900,Darebin,VIC,No,1949-12-10,1955-12-10,Defeated,NA,NA
Andrews1955,Menzies,VIC,Yes,1991-05-11,NA,NA,NA,NA
Andrews1960,McPherson,QLD,No,2010-08-21,NA,NA,NA,NA
Anstey1865,Bourke,VIC,No,1910-04-13,1934-08-07,Retired,NA,NA
Anthony1897,Richmond,NSW,No,1937-10-23,1957-07-12,Died,NA,NA
Anthony1929,Richmond,NSW,Yes,1957-09-14,1984-01-18,Resigned,NA,NA
Anthony1961,Richmond,NSW,No,1996-03-02,2004-10-09,Defeated,NA,NA
Archer1871,Capricornia,QLD,No,1906-12-12,1910-04-13,Defeated,NA,NA
Archer1975,Bass,TAS,No,2019-05-18,NA,NA,NA,NA
Archibald1852,Hindmarsh,SA,No,1910-04-13,1919-12-13,Defeated,NA,NA
Armitage1920,Chifley,NSW,No,1969-10-25,1983-02-04,Retired,NA,NA
Armitage1920,Mitchell,NSW,No,1961-12-09,1963-11-30,Defeated,NA,NA
Armstrong1909,Riverina,NSW,Yes,1965-02-27,1969-10-25,Defeated,NA,NA
Arthur1875,Bendigo,VIC,No,1913-05-31,1914-12-09,Died,NA,NA
Arthur1918,Barton,NSW,No,1966-11-26,1969-10-25,Defeated,NA,NA
AshleyBrown1915,Mitchell,NSW,No,1972-12-02,1974-05-18,Defeated,NA,NA
Aston1916,Phillip,NSW,No,1955-12-10,1961-12-09,Defeated,NA,NA
Aston1916,Phillip,NSW,No,1963-11-30,1972-12-02,Defeated,NA,NA
Atkinson1867,Wilmot,TAS,No,1906-12-12,1929-10-12,Defeated,NA,NA
Atkinson1948,Isaacs,VIC,No,1990-03-24,1996-03-02,Defeated,NA,NA
Badman1885,Grey,SA,No,1937-10-23,1943-08-21,Defeated,NA,NA
Bailey1946,McEwen,VIC,No,1990-03-24,1993-03-13,Defeated,NA,NA
Bailey1946,McEwen,VIC,No,1996-03-02,2010-07-19,Retired,NA,NA
Baillieu1937,La Trobe,VIC,No,1975-12-13,1980-10-18,Defeated,NA,NA
Baird1942,Cook,NSW,No,1998-10-03,2007-10-17,Retired,NA,NA
Baker1873,Maranoa,QLD,No,1940-09-21,1943-08-21,Defeated,NA,NA
Baker1903,Griffith,QLD,No,1934-09-15,1939-03-28,Died,NA,NA
Baker1903,Oxley,QLD,No,1931-12-19,1934-09-15,Until Elected For Griffith,1,NA
Baker1958,Braddon,TAS,No,2004-10-09,2007-11-24,Defeated,NA,NA
Baldwin1951,Sydney,NSW,No,1983-03-05,1998-08-31,Retired,NA,NA
Baldwin1955,Paterson,NSW,No,1996-03-02,1998-10-03,Defeated,NA,NA
Baldwin1955,Paterson,NSW,No,2001-11-10,2016-05-09,Retired,NA,NA
Bamford1849,Herbert,QLD,No,1901-03-30,1925-10-03,Retired,NA,NA
Bandidt1906,Wide Bay,QLD,No,1958-11-22,1961-12-09,Defeated,NA,NA
Bandt1972,Melbourne,VIC,No,2010-08-21,NA,NA,NA,NA
Banks1962,Chisholm,VIC,No,2016-07-02,2019-05-18,NA,NA,NA
Barnard1890,Bass,TAS,No,1934-09-15,1949-12-10,Defeated,NA,NA
Barnard1919,Bass,TAS,No,1954-05-29,1975-06-02,Resigned,NA,NA
Barnes1901,McPherson,QLD,No,1958-11-22,1972-11-02,Retired,NA,NA
Barresi1955,Deakin,VIC,No,1996-03-02,2007-11-24,Defeated,NA,NA
Bartlett1949,Macquarie,NSW,No,1996-03-02,2007-11-24,Defeated,NA,NA
Barton1849,Hunter,NSW,No,1901-03-29,1903-09-30,Resigned,NA,NA
Barwick1903,Parramatta,NSW,Yes,1958-03-08,1964-04-24,Resigned,NA,NA
Batchelor1865,Boothby,SA,No,1903-12-16,1911-10-08,Died,NA,NA
Batchelor1865,South Australia,SA,No,1901-03-30,1903-12-16,Until Elected For Boothby,1,NA
Bate1906,Macarthur,NSW,No,1949-12-10,1972-12-02,Defeated,NA,NA
Baume1930,Macarthur,NSW,No,1975-12-13,1983-03-05,Defeated,NA,NA
Bayley1882,Oxley,QLD,No,1917-05-05,1931-12-19,Defeated,NA,NA
Beale1898,Parramatta,NSW,No,1946-09-28,1958-02-10,Resigned,NA,NA
Beale1934,Bruce,VIC,No,1990-03-24,1996-03-02,Defeated,NA,NA
Beale1934,Deakin,VIC,No,1984-12-01,1990-03-24,Until Elected For Bruce,1,NA
Beard1866,Batman,VIC,No,1910-04-13,1910-12-18,Died,NA,NA
Beasley1895,West Sydney,NSW,No,1928-11-17,1946-08-14,Resigned,NA,NA
Beaton1925,Bendigo,VIC,Yes,1960-07-16,1969-04-09,Resigned,NA,NA
Beazley1917,Fremantle,WA,Yes,1945-08-18,1977-11-10,Retired,NA,NA
Beazley1948,Brand,WA,No,1996-03-02,2007-10-17,Retired,NA,NA
Beazley1948,Swan,WA,No,1980-10-18,1996-03-02,Until Elected For Brand,1,NA
Beck1882,Denison,TAS,No,1940-09-21,1943-08-21,Defeated,NA,NA
Beddall1948,Fadden,QLD,No,1983-03-05,1984-12-01,Until Elected For Rankin,1,NA
Beddall1948,Rankin,QLD,No,1984-12-01,1998-08-31,Retired,NA,NA
Bell1872,Darwin,TAS,No,1919-12-13,1922-12-16,Defeated,NA,Name of Darwin electorate changed to Braddon by resolution of Parliament following the redistribution of electoral boundaries 1955.
Bell1872,Darwin,TAS,No,1925-11-14,1943-07-07,Retired,NA,Name of Darwin electorate changed to Braddon by resolution of Parliament following the redistribution of electoral boundaries 1955.
Bell1968,Moncrieff,QLD,No,2019-05-18,NA,NA,NA,NA
Bennett1872,Werriwa,NSW,Yes,1912-06-01,1913-04-23,Retired,NA,NA
Bennett1874,Gippsland,VIC,No,1913-05-31,1914-09-05,Defeated,NA,NA
Bennett1933,Swan,WA,No,1969-10-25,1975-12-13,Defeated,NA,NA
Benson1909,Batman,VIC,Yes,1962-09-01,1969-09-29,Retired,NA,NA
Berinson1932,Perth,WA,No,1969-10-25,1975-12-13,Defeated,NA,NA
Berry1907,Griffith,QLD,No,1949-12-10,1954-05-29,Defeated,NA,NA
Best1856,Kooyong,VIC,Yes,1910-08-24,1922-12-16,Defeated,NA,NA
Bevis1955,Brisbane,QLD,No,1990-03-24,2010-08-21,Defeated,NA,NA
Bidgood1959,Dawson,QLD,No,2007-11-24,2010-07-19,Retired,NA,NA
Billson1966,Dunkley,VIC,No,1996-03-02,2016-05-09,Retired,NA,NA
Bilney1939,Kingston,SA,No,1983-03-05,1996-03-02,Defeated,NA,NA
Bird1906,Batman,VIC,No,1949-12-10,1962-07-21,Died,NA,NA
Bird1962,Cunningham,NSW,No,2004-10-09,NA,NA,NA,NA
Birney1928,Phillip,NSW,No,1975-12-13,1983-03-05,Defeated,NA,NA
Birrell1913,Port Adelaide,SA,No,1963-11-30,1974-04-11,Retired,NA,NA
Bishop1942,Mackellar,NSW,Yes,1994-03-26,2016-05-09,Retired,NA,NA
Bishop1956,Curtin,WA,No,1998-10-03,2019-05-18,Retired,NA,Announced retirement 21 February 2019.
Blackburn1880,Bourke,VIC,No,1934-09-15,1943-08-21,Defeated,NA,NA
Blackburn1889,Bourke,VIC,No,1946-09-28,1949-12-10,Defeated,NA,NA
Blacklow1879,Franklin,TAS,No,1931-12-19,1934-09-15,Defeated,NA,NA
Blackwood1861,Riverina,NSW,No,1903-12-16,1904-04-13,Voided,NA,NA
Blain1894,Northern Territory,NT,No,1934-09-15,1949-12-10,Defeated,NA,NA
Blakeley1886,Darling,NSW,No,1917-05-05,1934-09-15,Defeated,NA,NA
Blanchard1929,Moore,WA,No,1983-03-05,1990-03-24,Defeated,NA,NA
Bland1882,Warringah,NSW,No,1951-04-28,1961-11-02,Retired,NA,NA
Blewett1933,Bonython,SA,No,1977-12-10,1994-02-11,Resigned,NA,NA
Blundell1871,Adelaide,SA,No,1919-12-13,1922-12-16,Defeated,NA,NA
Blunt1951,Richmond,NSW,Yes,1984-02-18,1990-03-24,Defeated,NA,NA
Bonnett1916,Herbert,QLD,No,1966-11-26,1977-11-10,Retired,NA,NA
Bonython1848,Barker,SA,No,1903-12-16,1906-11-05,Retired,NA,NA
Bonython1848,South Australia,SA,No,1901-03-30,1903-12-16,Until Elected For Barker,1,NA
Bosman1924,St George,NSW,No,1963-11-30,1969-10-25,Defeated,NA,NA
Bostock1892,Indi,VIC,No,1949-12-10,1958-11-22,Defeated,NA,NA
Bourchier1929,Bendigo,VIC,No,1972-12-02,1983-03-05,Defeated,NA,NA
Bourke1913,Fawkner,VIC,No,1949-12-10,1955-12-10,Defeated,NA,NA
Bowden1871,Nepean,NSW,No,1906-12-12,1910-04-13,Defeated,NA,NA
Bowden1871,Nepean,NSW,No,1919-12-13,1922-12-16,Until Elected For Parramatta,1,NA
Bowden1871,Parramatta,NSW,No,1922-12-16,1929-10-12,Defeated,NA,NA
Bowden1888,Gippsland,VIC,No,1943-08-21,1961-11-02,Retired,NA,NA
Bowen1911,Parramatta,NSW,Yes,1964-06-20,1973-07-11,Resigned,NA,NA
Bowen1922,Kingsford-Smith,NSW,No,1969-10-25,1990-02-19,Retired,NA,Same as Kingsford Smith - name was changed in 2001
Bowen1973,McMahon,NSW,No,2010-08-21,NA,NA,NA,NA
Bowen1973,Prospect,NSW,No,2004-10-09,2010-08-21,Until Elected For Mcmahon,1,NA
Boyd1867,Henty,VIC,No,1913-05-31,1919-12-13,Defeated,NA,NA
Bradbury1976,Lindsay,NSW,No,2007-11-24,2013-09-07,Defeated,NA,NA
Braddon1829,Tasmania,TAS,No,1901-03-29,1903-12-16,Until Elected For Wilmot,1,NA
Braddon1829,Wilmot,TAS,No,1903-12-16,1904-02-02,Died,NA,NA
Bradfield1933,Barton,NSW,No,1975-12-13,1983-03-05,Defeated,NA,NA
Bradford1946,McPherson,QLD,No,1990-03-24,1998-10-03,Defeated,NA,NA
Braithwaite1933,Dawson,QLD,No,1975-12-13,1996-01-29,Retired,NA,NA
Brand1888,Wide Bay,QLD,No,1954-05-29,1958-10-14,Retired,NA,NA
Breen1898,Calare,NSW,No,1940-09-21,1946-09-28,Defeated,NA,NA
Brennan1873,Batman,VIC,Yes,1911-02-08,1931-12-19,Defeated,NA,NA
Brennan1873,Batman,VIC,No,1934-09-15,1949-10-31,Retired,NA,NA
Brereton1946,Kingsford-Smith,NSW,No,1990-03-24,2004-08-31,Retired,NA,Same as Kingsford Smith - name was changed in 2001
BridgesMaxwell1929,Robertson,NSW,Yes,1964-12-05,1969-10-25,Defeated,NA,NA
Briggs1977,Mayo,SA,Yes,2008-09-06,2016-07-02,Defeated,NA,NA
Brimblecombe1898,Maranoa,QLD,No,1951-04-28,1966-10-31,Retired,NA,NA
Broad1975,Mallee,VIC,No,2013-09-07,2019-04-11,Retired,NA,Announced retirement 18 December 2018.
Broadbent1950,Corinella,VIC,No,1990-03-24,1993-03-13,Defeated,NA,NA
Broadbent1950,McMillan,VIC,No,1996-03-02,1998-10-03,Defeated,NA,NA
Broadbent1950,McMillan,VIC,No,2004-10-09,2019-04-11,NA,NA,Name change
Broadbent1950,Monash,VIC,No,2019-05-18,NA,NA,NA,NA
Brodtmann1963,Canberra,ACT,No,2010-08-21,2019-04-11,Retired,NA,Retirement announced 13 August 2018
Brough1961,Fisher,QLD,No,2013-09-07,2016-05-09,Retired,NA,NA
Brough1961,Longman,QLD,No,1996-03-02,2007-11-24,Defeated,NA,NA
Brown1843,Indi,VIC,No,1906-12-12,1910-04-13,Defeated,NA,NA
Brown1861,Calare,NSW,No,1906-12-12,1913-05-31,Defeated,NA,NA
Brown1861,Canobolas,NSW,No,1901-03-29,1906-12-12,Until Elected For Calare,1,NA
Brown1894,McMillan,VIC,No,1949-12-10,1955-10-14,Died,NA,NA
Brown1931,Parramatta,NSW,No,1977-12-10,1990-02-19,Retired,NA,NA
Brown1933,Charlton,NSW,No,1984-12-01,1998-08-31,Retired,NA,NA
Brown1933,Hunter,NSW,No,1980-10-18,1984-12-01,Until Elected For Charlton,1,NA
Brown1940,Diamond Valley,VIC,No,1969-10-25,1972-12-02,Defeated,NA,NA
Brown1940,Diamond Valley,VIC,No,1975-12-13,1983-03-05,Defeated,NA,NA
Brown1940,Menzies,VIC,No,1984-12-01,1991-02-25,Resigned,NA,NA
Brownbill1914,Kingston,SA,No,1966-11-26,1969-10-25,Defeated,NA,NA
Browne1924,Kalgoorlie,WA,No,1958-11-22,1961-12-09,Defeated,NA,NA
Bruce1883,Flinders,VIC,Yes,1918-05-11,1929-10-12,Defeated,NA,NA
Bruce1883,Flinders,VIC,No,1931-12-19,1933-10-06,Resigned,NA,NA
Bruce1884,Leichhardt,QLD,No,1951-04-28,1958-10-11,Died,NA,NA
Brumby1953,Bendigo,VIC,No,1983-03-05,1990-03-24,Defeated,NA,NA
Bryant1914,Wills,VIC,No,1955-12-10,1980-09-19,Retired,NA,NA
Bryson1898,Bourke,VIC,No,1943-08-21,1946-09-28,Defeated,NA,NA
Bryson1898,Wills,VIC,No,1949-12-10,1955-12-10,Defeated,NA,NA
Buchanan1905,McMillan,VIC,No,1955-12-10,1972-12-02,Defeated,NA,NA
Buchholz1968,Wright,QLD,No,2010-08-21,NA,NA,NA,NA
Bungey1934,Canning,WA,No,1974-05-18,1983-03-05,Defeated,NA,NA
Burchell1883,Fremantle,WA,No,1913-05-31,1922-11-06,Retired,NA,NA
Burke1910,Perth,WA,No,1943-08-21,1955-12-10,Defeated,NA,NA
Burke1966,Chisholm,VIC,No,1998-10-03,2016-05-09,Retired,NA,NA
Burke1969,Watson,NSW,No,2004-10-09,NA,NA,NA,NA
Burney1957,Barton,NSW,No,2016-07-02,NA,NA,NA,NA
Burns1869,Illawarra,NSW,No,1913-05-31,1917-05-05,Defeated,NA,NA
Burns1933,Isaacs,VIC,No,1977-12-10,1980-10-18,Defeated,NA,NA
Burns1987,Macnamara,VIC,No,2019-05-18,NA,NA,NA,NA
Burr1939,Lyons,TAS,No,1984-12-01,1993-02-08,Retired,NA,NA
Burr1939,Wilmot,TAS,No,1975-12-13,1984-12-01,Until Elected For Lyons,1,NA
Bury1913,Wentworth,NSW,Yes,1956-12-08,1974-04-11,Retired,NA,NA
Butler1970,Port Adelaide,SA,No,2007-11-24,2019-04-11,Until Elected For Hindmarsh,1,NA
Butler1970,Hindmarsh,SA,No,2019-05-18,NA,NA,NA,NA
Butler1977,Griffith,QLD,Yes,2014-02-08,NA,NA,NA,NA
Byrne1962,Holt,VIC,Yes,1999-11-06,NA,NA,NA,NA
Cadman1937,Mitchell,NSW,No,1974-05-18,2007-10-17,Retired,NA,NA
Cairns1914,Lalor,VIC,No,1969-10-25,1977-11-10,Retired,NA,NA
Cairns1914,Yarra,VIC,No,1955-12-10,1969-10-25,Until Elected For Lalor,1,NA
Cairns1929,Lilley,QLD,No,1963-11-30,1972-12-02,Defeated,NA,NA
Cairns1929,Lilley,QLD,No,1974-05-18,1980-10-18,Defeated,NA,NA
Calder1916,Northern Territory,NT,No,1966-11-26,1980-09-19,Retired,NA,NA
Calwell1896,Melbourne,VIC,No,1940-09-21,1972-11-02,Retired,NA,NA
Cameron1851,Tasmania,TAS,No,1901-03-29,1903-12-16,Defeated,NA,NA
Cameron1851,Wilmot,TAS,Yes,1904-02-26,1906-12-12,Defeated,NA,NA
Cameron1873,Barker,SA,No,1922-12-16,1934-08-07,Retired,NA,NA
Cameron1879,Brisbane,QLD,No,1919-12-13,1931-12-19,Defeated,NA,NA
Cameron1895,Barker,SA,No,1934-09-15,1956-08-09,Died,NA,NA
Cameron1900,Oxley,QLD,No,1949-12-10,1961-12-09,Defeated,NA,NA
Cameron1913,Hindmarsh,SA,No,1949-12-10,1980-09-19,Retired,NA,NA
Cameron1917,Lilley,QLD,No,1961-12-09,1963-11-30,Defeated,NA,NA
Cameron1930,Indi,VIC,No,1977-12-10,1993-02-08,Retired,NA,NA
Cameron1938,Maranoa,QLD,No,1980-10-18,1990-02-19,Retired,NA,NA
Cameron1940,Fadden,QLD,No,1977-12-10,1983-03-05,Defeated,NA,NA
Cameron1940,Griffith,QLD,No,1966-11-26,1977-12-10,Until Elected For Fadden,1,NA
Cameron1940,Moreton,QLD,Yes,1983-11-05,1990-03-24,Defeated,NA,NA
Cameron1965,Parramatta,NSW,No,1996-03-02,2004-10-09,Defeated,NA,NA
CameronEoin1951,Stirling,WA,No,1993-03-13,1998-10-03,Defeated,NA,NA
Campbell1939,Kalgoorlie,WA,No,1980-10-18,1998-10-03,Defeated,NA,NA
Campbell1972,Bass,TAS,No,2007-11-24,2010-07-19,Retired,NA,NA
Cann1871,Nepean,NSW,No,1910-04-13,1913-05-31,Defeated,NA,NA
Carige1938,Capricornia,QLD,No,1975-12-13,1977-12-10,Defeated,NA,NA
Carlton1935,Mackellar,NSW,No,1977-12-10,1994-01-14,Resigned,NA,NA
Carpenter1863,Fremantle,WA,No,1903-12-16,1906-12-12,Defeated,NA,NA
Carr1875,Macquarie,NSW,No,1906-12-12,1917-05-05,Defeated,NA,NA
Casey1890,Corio,VIC,No,1931-12-19,1940-01-30,Resigned,NA,NA
Casey1890,La Trobe,VIC,No,1949-12-10,1960-02-10,Resigned,NA,NA
Cash1919,Stirling,WA,No,1958-11-22,1961-12-09,Defeated,NA,NA
Cass1927,Maribyrnong,VIC,No,1969-10-25,1983-02-04,Retired,NA,NA
Catley1942,Adelaide,SA,No,1990-03-24,1993-03-13,Defeated,NA,NA
Catts1877,Cook,NSW,No,1906-12-12,1922-12-16,Defeated,NA,NA
Causley1940,Page,NSW,No,1996-03-02,2007-10-17,Retired,NA,NA
Chalmers1978,Rankin,QLD,No,2013-09-07,NA,NA,NA,NA
Chambers1897,Adelaide,SA,No,1943-08-21,1958-10-14,Retired,NA,NA
Champion1972,Wakefield,SA,No,2007-11-24,2019-04-11,NA,NA,Name change
Champion1972,Spence,SA,No,2019-05-18,NA,NA,NA,NA
Chaney1914,Perth,WA,No,1955-12-10,1969-10-25,Defeated,NA,NA
Chaney1941,Pearce,WA,No,1990-03-24,1993-02-08,Retired,NA,NA
Chanter1845,Riverina,NSW,No,1901-03-29,1903-12-16,Defeated,NA,NA
Chanter1845,Riverina,NSW,Yes,1904-05-18,1913-05-31,Defeated,NA,NA
Chanter1845,Riverina,NSW,No,1914-09-05,1922-12-16,Defeated,NA,NA
Chapman1864,Eden-Monaro,NSW,No,1901-03-29,1926-01-12,Died,NA,NA
Chapman1949,Kingston,SA,No,1975-12-13,1983-03-05,Defeated,NA,NA
Charles1936,La Trobe,VIC,No,1990-03-24,2004-08-31,Retired,NA,NA
Charles1948,Isaacs,VIC,No,1980-10-18,1990-02-19,Retired,NA,NA
Charlesworth1952,Perth,WA,No,1983-03-05,1993-02-08,Retired,NA,NA
Charlton1866,Hunter,NSW,No,1910-04-13,1928-10-09,Retired,NA,NA
Cheeseman1976,Corangamite,VIC,No,2007-11-24,2013-09-07,Defeated,NA,NA
Chester1967,Gippsland,VIC,Yes,2008-06-28,NA,NA,NA,NA
Chesters1980,Bendigo,VIC,No,2013-09-07,NA,NA,NA,NA
Chifley1885,Macquarie,NSW,No,1928-11-17,1931-12-19,Defeated,NA,NA
Chifley1885,Macquarie,NSW,No,1940-09-21,1951-06-13,Died,NA,NA
Child1921,Henty,VIC,No,1974-05-18,1975-12-13,Defeated,NA,NA
Child1921,Henty,VIC,No,1980-10-18,1990-02-19,Retired,NA,NA
Chipp1925,Higinbotham,VIC,Yes,1960-12-10,1969-10-25,Until Elected For Hotham,1,NA
Chipp1925,Hotham,VIC,No,1969-10-25,1977-11-10,Retired,NA,NA
Chresby1908,Griffith,QLD,No,1958-11-22,1961-12-09,Defeated,NA,NA
Christensen1978,Dawson,QLD,No,2010-08-21,NA,NA,NA,NA
Chynoweth1941,Dunkley,VIC,No,1984-12-01,1990-03-24,Defeated,NA,NA
Chynoweth1941,Dunkley,VIC,No,1993-03-13,1996-03-02,Defeated,NA,NA
Chynoweth1941,Flinders,VIC,No,1983-03-05,1984-12-01,Until Elected For Dunkley,1,NA
Ciobo1974,Moncrieff,QLD,No,2001-11-10,2019-04-11,NA,NA,Announced retirement 1 March 2019.
Clare1972,Blaxland,NSW,No,2007-11-24,NA,NA,NA,NA
Clarey1890,Bendigo,VIC,No,1949-12-10,1960-05-17,Died,NA,NA
Clark1897,Darling,NSW,No,1934-09-15,1969-09-29,Retired,NA,NA
Clarke1857,Cowper,NSW,No,1901-03-29,1903-12-16,Defeated,NA,NA
Clasby1891,East Sydney,NSW,No,1931-12-19,1932-01-15,Died,NA,NA
Clay1900,St George,NSW,No,1958-11-22,1963-11-30,Defeated,NA,NA
Claydon1964,Newcastle,NSW,No,2013-09-07,NA,NA,NA,NA
Clayton1942,Isaacs,VIC,No,1974-05-18,1975-12-13,Defeated,NA,NA
Cleary1952,Wills,VIC,Yes,1992-04-11,1992-11-25,Voided,NA,NA
Cleary1952,Wills,VIC,No,1993-03-13,1996-03-02,Defeated,NA,NA
Cleaver1917,Swan,WA,No,1955-12-10,1969-10-25,Defeated,NA,NA
Cleeland1938,McEwen,VIC,No,1984-12-01,1990-03-24,Defeated,NA,NA
Cleeland1938,McEwen,VIC,No,1993-03-13,1996-03-02,Defeated,NA,NA
Coates1944,Denison,TAS,No,1972-12-02,1975-12-13,Defeated,NA,NA
Cobb1945,Parkes,NSW,No,1984-12-01,1998-08-31,Retired,NA,NA
Cobb1950,Calare,NSW,No,2007-11-24,2016-05-09,Retired,NA,NA
Cobb1950,Parkes,NSW,No,2001-11-10,2007-11-24,Until Elected For Calare,1,NA
Cockle1908,Warringah,NSW,No,1961-12-09,1966-08-03,Died,NA,NA
Cohen1935,Robertson,NSW,No,1969-10-25,1990-02-19,Retired,NA,NA
Coker1962,Corangamite,VIC,No,2019-05-18,NA,NA,NA,NA
Coleman1892,Reid,NSW,No,1922-12-16,1931-12-19,Defeated,NA,NA
Coleman1928,Wentworth,NSW,Yes,1981-04-11,1987-06-05,Retired,NA,NA
Coleman1974,Banks,NSW,No,2013-09-07,NA,NA,NA,NA
Coles1892,Henty,VIC,No,1940-09-21,1946-02-11,Resigned,NA,NA
Collard1912,Kalgoorlie,WA,No,1961-12-09,1975-12-13,Defeated,NA,NA
Collins1878,Wakefield,SA,No,1928-11-17,1929-10-12,Defeated,NA,NA
Collins1886,Hume,NSW,No,1931-12-19,1943-08-21,Defeated,NA,NA
Collins1971,Franklin,TAS,No,2007-11-24,NA,NA,NA,NA
Comber1919,Bowman,QLD,No,1961-12-09,1963-11-30,Defeated,NA,NA
Combet1958,Charlton,NSW,No,2007-11-24,2013-08-05,Retired,NA,NA
Conaghan1971,Cowper,NSW,No,2019-05-18,NA,NA,NA,NA
Conelan1895,Griffith,QLD,Yes,1939-05-20,1949-12-10,Defeated,NA,NA
Connelly,Stirling,WA,No,2019-05-18,NA,NA,NA,NA
Connolly1939,Bradfield,NSW,No,1974-05-18,1996-01-29,Retired,NA,NA
Connor1907,Cunningham,NSW,No,1963-11-30,1977-08-22,Died,NA,NA
Conquest1930,Hinkler,QLD,No,1984-12-01,1987-07-11,Defeated,NA,NA
Conroy1864,Werriwa,NSW,No,1901-03-29,1906-12-12,Defeated,NA,NA
Conroy1864,Werriwa,NSW,No,1913-05-31,1914-09-05,Defeated,NA,NA
Conroy1979,Charlton,NSW,No,2013-09-07,2016-07-02,Until Elected For Shortland,1,NA
Conroy1979,Shortland,NSW,No,2016-07-02,NA,NA,NA,NA
Considine1885,Barrier,NSW,No,1917-05-05,1922-12-16,Defeated,NA,NA
Cook1860,Parramatta,NSW,No,1901-03-29,1921-11-11,Resigned,NA,NA
Cook1868,Indi,VIC,No,1919-12-13,1928-10-09,Retired,NA,NA
Cooke1847,Wannon,VIC,No,1901-03-29,1903-11-23,Retired,NA,NA
Cooke1938,Petrie,QLD,No,1972-12-02,1974-04-11,Retired,NA,NA
Coon1869,Batman,VIC,No,1906-12-12,1910-04-13,Defeated,NA,NA
Cope1907,Cook,NSW,Yes,1955-05-21,1955-12-10,Until Elected For Watson,1,NA
Cope1907,Sydney,NSW,No,1969-10-25,1975-11-11,Retired,NA,NA
Cope1907,Watson,NSW,No,1955-12-10,1969-10-25,Until Elected For Sydney,1,NA
Corbett1906,Maranoa,QLD,No,1966-11-26,1980-09-19,Retired,NA,NA
Corboy1896,Swan,WA,Yes,1918-10-26,1919-12-13,Defeated,NA,NA
Corcoran1951,Isaacs,VIC,Yes,2000-08-12,2007-10-17,Retired,NA,NA
Corser1852,Wide Bay,QLD,Yes,1915-12-11,1928-07-31,Died,NA,NA
Corser1882,Wide Bay,QLD,Yes,1928-09-03,1954-04-21,Retired,NA,NA
Costa1900,Banks,NSW,No,1949-12-10,1969-09-29,Retired,NA,NA
Costello1957,Higgins,VIC,No,1990-03-24,2009-10-19,Resigned,NA,NA
Cotter1935,Kalgoorlie,WA,No,1975-12-13,1980-10-18,Defeated,NA,NA
Coulton1958,Parkes,NSW,No,2007-11-24,NA,NA,NA,NA
Courtice1950,Hinkler,QLD,No,1987-07-11,1993-03-13,Defeated,NA,NA
Courtnay1903,Darebin,VIC,No,1958-11-22,1969-09-29,Retired,NA,NA
Coutts1908,Griffith,QLD,No,1954-05-29,1958-11-22,Defeated,NA,NA
Coutts1908,Griffith,QLD,No,1961-12-09,1966-11-26,Defeated,NA,NA
Cowan1926,Lyne,NSW,No,1980-10-18,1993-02-08,Retired,NA,NA
Cox1954,Kingston,SA,No,1998-10-03,2004-10-09,Defeated,NA,NA
Cramer1897,Bennelong,NSW,No,1949-12-10,1974-04-11,Retired,NA,NA
Crawford1947,Forde,QLD,No,1987-07-11,1996-03-02,Defeated,NA,NA
Crean1916,Melbourne Ports,VIC,No,1951-04-28,1977-11-10,Retired,NA,NA
Crean1949,Hotham,VIC,No,1990-03-24,2013-08-05,Retired,NA,NA
Cremean1907,Hoddle,VIC,No,1949-12-10,1955-12-10,Defeated,NA,NA
Crewther1983,Dunkley,VIC,No,2016-07-02,2019-05-18,Defeated,NA,NA
Crook1959,O'Connor,WA,No,2010-08-21,2013-08-05,Retired,NA,NA
Crosio1939,Prospect,NSW,No,1990-03-24,2004-08-31,Retired,NA,NA
Cross1929,Brisbane,QLD,No,1961-12-09,1975-12-13,Defeated,NA,NA
Cross1929,Brisbane,QLD,No,1980-10-18,1990-02-19,Retired,NA,NA
Crouch1868,Corangamite,VIC,No,1929-10-12,1931-12-19,Defeated,NA,NA
Crouch1868,Corio,VIC,No,1901-03-29,1910-04-13,Defeated,NA,NA
Cruickshank1853,Gwydir,NSW,No,1901-03-29,1903-11-23,Retired,NA,NA
Culley1877,Denison,TAS,No,1928-11-17,1931-12-19,Defeated,NA,NA
Culpin1846,Brisbane,QLD,No,1903-12-16,1906-12-12,Defeated,NA,NA
Cunningham1889,Gwydir,NSW,No,1919-12-13,1925-11-14,Defeated,NA,NA
Cunningham1889,Gwydir,NSW,No,1929-10-12,1931-12-19,Defeated,NA,NA
Cunningham1939,McMillan,VIC,No,1980-10-18,1990-03-24,Defeated,NA,NA
Cunningham1939,McMillan,VIC,No,1993-03-13,1996-03-02,Defeated,NA,NA
Curtin1885,Fremantle,WA,No,1928-11-17,1931-12-19,Defeated,NA,NA
Curtin1885,Fremantle,WA,No,1934-09-15,1945-07-05,Died,NA,NA
Curtin1898,Kingsford-Smith,NSW,No,1955-12-10,1969-09-29,Retired,NA,Same as Kingsford Smith - name was changed in 2001
Curtin1898,Watson,NSW,No,1949-12-10,1955-12-10,Until Elected For Kingsford-Smith,1,NA
Cusack1868,Eden-Monaro,NSW,No,1929-10-12,1931-12-19,Defeated,NA,NA
Daly1912,Grayndler,NSW,No,1949-12-10,1975-11-11,Retired,NA,NA
Daly1912,Martin,NSW,No,1943-08-21,1949-12-10,Until Elected For Grayndler,1,NA
Danby1955,Melbourne Ports,VIC,No,1998-10-03,2019-04-11,Retired,NA,Announced retirement 5 July 2018.
Dankel1864,Boothby,SA,No,1913-05-31,1917-03-26,Retired,NA,NA
Dargavel1966,Fraser,ACT,Yes,1997-02-01,1998-08-31,Retired,NA,NA
Darling1936,Lilley,QLD,No,1980-10-18,1993-02-08,Retired,NA,NA
DAth1970,Petrie,QLD,No,2007-11-24,2013-09-07,Defeated,NA,NA
Davidson1897,Capricornia,QLD,No,1946-09-28,1949-12-10,Until Elected For Dawson,1,NA
Davidson1897,Dawson,QLD,No,1949-12-10,1963-11-01,Retired,NA,NA
Davies1884,Cunningham,NSW,No,1949-12-10,1956-02-17,Died,NA,NA
Davies1919,Braddon,TAS,No,1958-11-22,1975-12-13,Defeated,NA,NA
Davis1900,Deakin,VIC,No,1949-12-10,1966-10-31,Retired,NA,NA
Dawkins1947,Fremantle,WA,No,1977-12-10,1994-02-04,Resigned,NA,NA
Dawkins1947,Tangney,WA,No,1974-05-18,1975-12-13,Defeated,NA,NA
Deahm1938,Macquarie,NSW,No,1993-03-13,1996-03-02,Defeated,NA,NA
Deakin1856,Ballaarat,VIC,No,1901-03-29,1913-04-23,Retired,NA,NA
Dean1913,Robertson,NSW,No,1949-12-10,1964-09-30,Resigned,NA,NA
Dean1942,Herbert,QLD,No,1977-12-10,1983-03-05,Defeated,NA,NA
Debus1943,Macquarie,NSW,No,2007-11-24,2010-07-19,Retired,NA,NA
Dedman1896,Corio,VIC,Yes,1940-03-02,1949-12-10,Defeated,NA,NA
Dein1889,Lang,NSW,No,1931-12-19,1934-08-07,Retired,NA,NA
Dennis1870,Batman,VIC,No,1931-12-19,1934-09-15,Defeated,NA,NA
Devine1923,East Sydney,NSW,Yes,1963-09-28,1969-09-29,Retired,NA,NA
Dick1972,Oxley,QLD,No,2016-07-02,NA,NA,NA,NA
Dobie1927,Cook,NSW,No,1969-10-25,1972-12-02,Defeated,NA,NA
Dobie1927,Cook,NSW,No,1975-12-13,1996-01-29,Retired,NA,NA
Dobie1927,Hughes,NSW,No,1966-11-26,1969-10-25,Until Elected For Cook,1,NA
Dodd1953,Leichhardt,QLD,No,1993-03-13,1996-03-02,Defeated,NA,NA
Dondas1939,Northern Territory,NT,No,1996-03-02,1998-10-03,Defeated,NA,NA
Downer1910,Angas,SA,No,1949-12-10,1964-04-23,Resigned,NA,NA
Downer1951,Mayo,SA,No,1984-12-01,2008-07-14,Resigned,NA,NA
Doyle1922,Lilley,QLD,No,1972-12-02,1974-05-18,Defeated,NA,NA
Drakeford1878,Maribyrnong,VIC,No,1934-09-15,1955-12-10,Defeated,NA,NA
Draper1959,Makin,SA,No,1996-03-02,2007-10-17,Retired,NA,NA
Dreyfus1956,Isaacs,VIC,No,2007-11-24,NA,NA,NA,NA
Drum1960,Murray,VIC,No,2016-07-02,2019-04-11,NA,NA,Name change
Drum1960,Nicholls,VIC,No,2019-05-18,NA,NA,NA,NA
Drummond1890,New England,NSW,No,1949-12-10,1963-11-01,Retired,NA,NA
Drummond1931,Forrest,WA,No,1972-12-02,1987-06-05,Retired,NA,NA
Drury1911,Ryan,QLD,No,1949-12-10,1975-11-11,Retired,NA,NA
Dubois1940,St George,NSW,No,1984-12-01,1993-02-08,Retired,NA,NA
Duffy1938,Holt,VIC,No,1980-10-18,1996-01-29,Retired,NA,NA
Duncan1945,Makin,SA,No,1984-12-01,1996-03-02,Defeated,NA,NA
DuncanHughes1882,Boothby,SA,No,1922-12-16,1928-11-17,Defeated,NA,NA
DuncanHughes1882,Wakefield,SA,No,1940-09-21,1943-08-21,Defeated,NA,NA
Duthie1912,Wilmot,TAS,No,1946-09-28,1975-12-13,Defeated,NA,NA
Dutton1970,Dickson,QLD,No,2001-11-10,NA,NA,NA,NA
Easson1955,Lowe,NSW,No,1993-03-13,1996-03-02,Defeated,NA,NA
Edmonds1903,Herbert,QLD,No,1946-09-28,1958-11-22,Defeated,NA,NA
Edwards1842,Oxley,QLD,No,1901-03-30,1913-04-23,Retired,NA,NA
Edwards1855,North Sydney,NSW,No,1910-04-13,1911-02-04,Died,NA,NA
Edwards1855,South Sydney,NSW,No,1901-03-29,1906-11-05,Retired,NA,NA
Edwards1927,Berowra,NSW,No,1972-12-02,1993-02-08,Retired,NA,NA
Edwards1945,Stirling,WA,No,1983-03-05,1993-03-13,Defeated,NA,NA
Edwards1946,Cowan,WA,No,1998-10-03,2007-10-17,Retired,NA,NA
Eggins1898,Lyne,NSW,No,1949-12-10,1952-01-28,Died,NA,NA
Einfeld1909,Phillip,NSW,No,1961-12-09,1963-11-30,Defeated,NA,NA
Eldridge1872,Martin,NSW,No,1929-10-12,1931-12-19,Defeated,NA,NA
Ellicott1927,Wentworth,NSW,No,1974-05-18,1981-02-17,Resigned,NA,NA
Elliot1967,Richmond,NSW,No,2004-10-09,NA,NA,NA,NA
Elliott1954,Parramatta,NSW,No,1990-03-24,1996-03-02,Defeated,NA,NA
Ellis1946,Canberra,ACT,No,1998-10-03,2010-07-19,Retired,NA,NA
Ellis1946,Namadgi,ACT,No,1996-03-02,1998-10-03,Until Elected For Canberra,1,NA
Ellis1977,Adelaide,SA,No,2004-10-09,2019-04-11,Retired,NA,Announced retirement 9 March 2017.
Elson1947,Forde,QLD,No,1996-03-02,2007-10-17,Retired,NA,NA
Emerson1954,Rankin,QLD,No,1998-10-03,2013-08-05,Retired,NA,NA
Enderby1926,Australian Capital Territory,ACT,Yes,1970-05-30,1974-05-18,Until Elected For Canberra,1,NA
Enderby1926,Canberra,ACT,No,1974-05-18,1975-12-13,Defeated,NA,NA
England1911,Calare,NSW,Yes,1960-11-05,1975-11-11,Retired,NA,NA
Entsch1950,Leichhardt,QLD,No,1996-03-02,2007-10-17,Retired,NA,NA
Entsch1950,Leichhardt,QLD,No,2010-08-21,NA,NA,NA,NA
Erwin1917,Ballaarat,VIC,No,1955-12-10,1975-11-11,Retired,NA,NA
Evans1944,Holt,VIC,No,1996-03-02,1999-09-30,Resigned,NA,NA
Evans1981,Brisbane,QLD,No,2016-07-02,NA,NA,NA,NA
EvansMartyn1953,Bonython,SA,Yes,1994-03-19,2004-10-09,Defeated,NA,NA
EvansRichard1953,Cowan,WA,No,1993-03-13,1998-10-03,Defeated,NA,NA
Evatt1894,Barton,NSW,No,1940-09-21,1958-11-22,Until Elected For Hunter,1,NA
Evatt1894,Hunter,NSW,No,1958-11-22,1960-02-10,Resigned,NA,NA
Everingham1923,Capricornia,QLD,Yes,1967-09-30,1975-12-13,Defeated,NA,NA
Everingham1923,Capricornia,QLD,No,1977-12-10,1984-10-26,Retired,NA,NA
Everingham1943,Northern Territory,NT,No,1984-12-01,1987-06-05,Retired,NA,NA
Ewert1918,Flinders,VIC,Yes,1952-10-18,1954-05-29,Defeated,NA,NA
Ewing1856,Richmond,NSW,No,1901-03-29,1910-02-19,Retired,NA,NA
Fadden1894,Darling Downs,QLD,Yes,1936-12-19,1949-12-10,Until Elected For Mcpherson,1,NA
Fadden1894,McPherson,QLD,No,1949-12-10,1958-10-14,Retired,NA,NA
Fahey1945,Macarthur,NSW,No,1996-03-02,2001-10-08,Retired,NA,NA
Failes1899,Lawson,NSW,No,1949-12-10,1969-09-29,Retired,NA,NA
Fairbairn1855,Fawkner,VIC,No,1906-12-12,1913-05-31,Defeated,NA,NA
Fairbairn1897,Flinders,VIC,Yes,1933-11-11,1940-08-13,Died,NA,NA
Fairbairn1917,Farrer,NSW,No,1949-12-10,1975-11-11,Retired,NA,NA
Fairhall1909,Paterson,NSW,No,1949-12-10,1969-09-29,Retired,NA,NA
Falconer1943,Casey,VIC,No,1975-12-13,1983-03-05,Defeated,NA,NA
Falinski1970,Mackellar,NSW,No,2016-07-02,NA,NA,NA,NA
Falkinder1921,Franklin,TAS,No,1946-09-28,1966-10-31,Retired,NA,NA
Falkiner1867,Hume,NSW,No,1917-05-05,1919-11-03,Retired,NA,NA
Falkiner1867,Riverina,NSW,No,1913-05-31,1914-09-05,Defeated,NA,NA
Falstein1914,Watson,NSW,No,1940-09-21,1949-12-10,Defeated,NA,NA
Farmer1962,Macarthur,NSW,No,2001-11-10,2010-07-19,Retired,NA,NA
Fatin1941,Brand,WA,No,1984-12-01,1996-01-29,Retired,NA,NA
Fatin1941,Canning,WA,No,1983-03-05,1984-12-01,Until Elected For Brand,1,NA
Fawcett1963,Wakefield,SA,No,2004-10-09,2007-11-24,Defeated,NA,NA
Feeney1970,Batman,VIC,No,2013-09-07,2018-02-01,Resigned,NA,NA
Fenton1864,Maribyrnong,VIC,No,1910-04-13,1934-09-15,Defeated,NA,NA
Ferguson1952,Reid,NSW,No,1990-03-24,2010-08-21,Until Elected For Werriwa,1,NA
Ferguson1952,Werriwa,NSW,No,2010-08-21,2016-05-09,Retired,NA,NA
Ferguson1953,Batman,VIC,No,1996-03-02,2013-08-05,Retired,NA,NA
Ferguson1974,Bass,TAS,No,2004-10-09,2007-11-24,Defeated,NA,NA
Fife1929,Farrer,NSW,No,1975-12-13,1984-12-01,Until Elected For Hume,1,NA
Fife1929,Hume,NSW,No,1984-12-01,1993-02-08,Retired,NA,NA
Filing1955,Moore,WA,No,1990-03-24,1998-10-03,Defeated,NA,NA
Finlayson1867,Brisbane,QLD,No,1910-04-13,1919-12-13,Defeated,NA,NA
Fischer1946,Farrer,NSW,No,1984-12-01,2001-10-08,Retired,NA,NA
Fisher1862,Wide Bay,QLD,No,1901-03-30,1915-10-26,Resigned,NA,NA
Fisher1936,Mallee,VIC,No,1972-12-02,1993-02-08,Retired,NA,NA
Fisken1897,Ballaarat,VIC,No,1934-09-15,1937-09-21,Retired,NA,NA
Fitzgerald1910,Phillip,NSW,No,1949-12-10,1955-12-10,Defeated,NA,NA
Fitzgibbon1936,Hunter,NSW,No,1984-12-01,1996-01-29,Retired,NA,NA
Fitzgibbon1962,Hunter,NSW,No,1996-03-02,NA,NA,NA,NA
FitzPatrick1915,Darling,NSW,No,1969-10-25,1977-12-10,Until Elected For Riverina,1,NA
FitzPatrick1915,Riverina,NSW,No,1977-12-10,1980-09-19,Retired,NA,NA
Fleming1874,Robertson,NSW,No,1913-05-31,1922-12-16,Defeated,NA,NA
Fletcher1965,Bradfield,NSW,Yes,2009-12-05,NA,NA,NA,NA
Flint1978,Boothby,SA,No,2016-07-02,NA,NA,NA,NA
Foley1872,Kalgoorlie,WA,Yes,1920-12-18,1922-12-16,Defeated,NA,NA
Forbes1923,Barker,SA,Yes,1956-10-13,1975-11-11,Retired,NA,NA
Ford1936,Dunkley,VIC,No,1990-03-24,1993-03-13,Defeated,NA,NA
Forde1890,Capricornia,QLD,No,1922-12-16,1946-09-28,Defeated,NA,NA
Forrest1847,Swan,WA,No,1901-03-29,1918-09-02,Died,NA,NA
Forrest1949,Mallee,VIC,No,1993-03-13,2013-08-05,Retired,NA,NA
Foster1856,Wakefield,SA,Yes,1909-08-28,1928-11-17,Defeated,NA,NA
Foster1872,New England,NSW,No,1906-12-12,1913-05-31,Defeated,NA,NA
Foster1921,Sturt,SA,No,1969-10-25,1972-12-02,Defeated,NA,NA
Fowler1865,Perth,WA,No,1901-03-29,1922-12-16,Defeated,NA,NA
Fox1912,Henty,VIC,No,1955-12-10,1974-05-18,Defeated,NA,NA
Foxton1849,Brisbane,QLD,No,1906-12-12,1910-04-13,Defeated,NA,NA
Francis1873,Kennedy,QLD,No,1925-11-14,1929-10-12,Defeated,NA,NA
Francis1881,Henty,VIC,No,1919-12-13,1925-10-03,Retired,NA,NA
Francis1890,Moreton,QLD,No,1922-12-16,1955-11-04,Retired,NA,NA
Fraser1902,Eden-Monaro,NSW,No,1943-08-21,1966-11-26,Defeated,NA,NA
Fraser1902,Eden-Monaro,NSW,No,1969-10-25,1972-11-02,Retired,NA,NA
Fraser1908,Australian Capital Territory,ACT,No,1951-04-28,1970-04-01,Died,NA,NA
Fraser1930,Wannon,VIC,No,1955-12-10,1983-03-31,Resigned,NA,NA
Frazer1880,Kalgoorlie,WA,No,1903-12-16,1913-11-25,Died,NA,NA
Free1943,Lindsay,NSW,No,1984-12-01,1996-03-02,Defeated,NA,NA
Free1943,Macquarie,NSW,No,1980-10-18,1984-12-01,Until Elected For Lindsay,1,NA
Freelander1953,Macarthur,NSW,No,2016-07-02,NA,NA,NA,NA
Freeth1914,Forrest,WA,No,1949-12-10,1969-10-25,Defeated,NA,NA
Frost1882,Franklin,TAS,Yes,1929-12-14,1931-12-19,Defeated,NA,NA
Frost1882,Franklin,TAS,No,1934-09-15,1946-09-28,Defeated,NA,NA
Fry1920,Fraser,ACT,No,1974-05-18,1984-10-26,Retired,NA,NA
Frydenberg1971,Kooyong,VIC,No,2010-08-21,NA,NA,NA,NA
Fuller1861,Illawarra,NSW,No,1901-03-29,1913-05-31,Defeated,NA,NA
Fuller1893,Hume,NSW,No,1943-08-21,1949-12-10,Defeated,NA,NA
Fuller1893,Hume,NSW,No,1951-04-28,1955-12-10,Defeated,NA,NA
Fuller1893,Hume,NSW,No,1961-12-09,1963-11-30,Defeated,NA,NA
Fulton1909,Leichhardt,QLD,No,1958-11-22,1975-11-11,Retired,NA,NA
Fysh1835,Denison,TAS,No,1903-12-16,1910-02-19,Retired,NA,NA
Fysh1835,Tasmania,TAS,No,1901-03-29,1903-12-16,Until Elected For Denison,1,NA
Gabb1882,Angas,SA,No,1919-12-13,1925-11-14,Defeated,NA,NA
Gabb1882,Angas,SA,No,1929-10-12,1934-08-07,Retired,NA,NA
Gaha1894,Denison,TAS,No,1943-08-21,1949-10-31,Retired,NA,NA
Gallus1943,Hawker,SA,No,1990-03-24,1993-03-13,Until Elected For Hindmarsh,1,NA
Gallus1943,Hindmarsh,SA,No,1993-03-13,2004-08-31,Retired,NA,NA
Galvin1911,Kingston,SA,No,1951-04-28,1966-11-26,Defeated,NA,NA
Gambaro1958,Brisbane,QLD,No,2010-08-21,2016-05-09,Retired,NA,NA
Gambaro1958,Petrie,QLD,No,1996-03-02,2007-11-24,Defeated,NA,NA
Gander1888,Reid,NSW,No,1931-12-19,1940-09-21,Defeated,NA,NA
Garden1882,Cook,NSW,No,1934-09-15,1937-09-21,Retired,NA,NA
Gardner1884,Robertson,NSW,No,1922-12-16,1940-09-21,Defeated,NA,NA
Garland1934,Curtin,WA,Yes,1969-04-19,1981-01-22,Resigned,NA,NA
Garrett1953,Kingsford Smith,NSW,No,2004-10-09,2013-08-05,Retired,NA,Same as Kingsford-Smith - name was changed in 2001
Garrick1918,Batman,VIC,No,1969-10-25,1977-11-10,Retired,NA,NA
Gash1944,Gilmore,NSW,No,1996-03-02,2013-08-05,Retired,NA,NA
Gayler1943,Leichhardt,QLD,No,1983-03-05,1993-02-08,Retired,NA,NA
Gear1947,Canning,WA,No,1984-12-01,1996-03-02,Defeated,NA,NA
Gear1947,Tangney,WA,No,1983-03-05,1984-12-01,Until Elected For Canning,1,NA
Gee1968,Calare,NSW,No,2016-07-02,NA,NA,NA,NA
Gellibrand1872,Denison,TAS,No,1925-11-14,1928-11-17,Defeated,NA,NA
Georganas1959,Adelaide,SA,No,2019-05-18,NA,NA,NA,NA
Georganas1959,Hindmarsh,SA,No,2004-10-09,2013-09-07,Defeated,NA,NA
Georganas1959,Hindmarsh,SA,No,2016-07-02,2019-04-11,Until Elected For Adelaide,1,NA
George1947,Throsby,NSW,No,2001-11-10,2010-07-19,Retired,NA,NA
Georgiou1947,Kooyong,VIC,Yes,1994-11-19,2010-07-19,Retired,NA,NA
Gerick1963,Canning,WA,No,1998-10-03,2001-11-10,Defeated,NA,NA
Gibb1843,Flinders,VIC,No,1903-12-16,1906-12-12,Defeated,NA,NA
Gibbons1887,Calare,NSW,No,1929-10-12,1931-12-19,Defeated,NA,NA
Gibbons1949,Bendigo,VIC,No,1998-10-03,2013-08-05,Retired,NA,NA
Gibbs1922,Bowman,QLD,No,1963-11-30,1969-10-25,Defeated,NA,NA
Gibson1869,Corangamite,VIC,Yes,1918-12-14,1929-10-12,Defeated,NA,NA
Gibson1869,Corangamite,VIC,No,1931-12-19,1934-08-07,Retired,NA,NA
Gibson1935,Denison,TAS,Yes,1964-02-15,1969-09-29,Retired,NA,NA
Gibson1954,Moreton,QLD,No,1990-03-24,1996-03-02,Defeated,NA,NA
Giles1923,Angas,SA,Yes,1964-06-20,1977-12-10,Until Elected For Wakefield,1,NA
Giles1923,Wakefield,SA,No,1977-12-10,1983-02-04,Retired,NA,NA
Giles1973,Scullin,VIC,No,2013-09-07,NA,NA,NA,NA
Gillard1920,Macquarie,NSW,No,1975-12-13,1980-10-18,Defeated,NA,NA
Gillard1961,Lalor,VIC,No,1998-10-03,2013-08-05,Retired,NA,NA
Gillespie1957,Lyne,NSW,No,2013-09-07,NA,NA,NA,NA
Gilmore1908,Leichhardt,QLD,No,1949-12-10,1951-04-28,Defeated,NA,NA
Glynn1855,Angas,SA,No,1903-12-16,1919-12-13,Defeated,NA,NA
Glynn1855,South Australia,SA,No,1901-03-30,1903-12-16,Until Elected For Angas,1,NA
Goodenough1975,Moore,WA,No,2013-09-07,NA,NA,NA,NA
Goodluck1933,Franklin,TAS,No,1975-12-13,1993-02-08,Retired,NA,NA
Gordon1865,Boothby,SA,Yes,1911-11-11,1913-05-31,Defeated,NA,NA
Gorman1926,Chifley,NSW,No,1983-03-05,1984-12-01,Until Elected For Greenway,1,NA
Gorman1926,Greenway,NSW,No,1984-12-01,1996-01-29,Retired,NA,NA
Gorman1984,Perth,WA,Yes,2018-07-28,NA,NA,NA,NA
Gorton1911,Higgins,VIC,Yes,1968-02-24,1975-11-11,Retired,NA,NA
Gosling1971,Solomon,NT,No,2016-07-02,NA,NA,NA,NA
Grace1931,Fowler,NSW,No,1984-12-01,1998-08-31,Retired,NA,NA
Grace1940,Lilley,QLD,No,1996-03-02,1998-10-03,Defeated,NA,NA
Graham1919,North Sydney,NSW,No,1966-11-26,1980-09-19,Retired,NA,NA
Graham1919,St George,NSW,No,1949-12-10,1954-05-29,Defeated,NA,NA
Graham1919,St George,NSW,No,1955-12-10,1958-11-22,Defeated,NA,NA
Grassby1926,Riverina,NSW,No,1969-10-25,1974-05-18,Defeated,NA,NA
Gray1908,Capricornia,QLD,No,1961-12-09,1967-08-02,Died,NA,NA
Gray1958,Brand,WA,No,2007-11-24,2016-07-02,Retired,NA,NA
Grayden1920,Swan,WA,No,1949-12-10,1954-05-29,Defeated,NA,NA
Green1869,Kalgoorlie,WA,No,1922-12-16,1940-10-02,Died,NA,NA
Green1885,Richmond,NSW,No,1922-12-16,1937-10-23,Defeated,NA,NA
Greenup1902,Dalley,NSW,Yes,1953-05-09,1955-11-04,Retired,NA,NA
Gregory1860,Dampier,WA,No,1913-05-31,1922-12-16,Until Elected For Swan,1,NA
Gregory1860,Swan,WA,No,1922-12-16,1940-11-15,Died,NA,NA
Grierson1951,Newcastle,NSW,No,2001-11-10,2013-08-05,Retired,NA,NA
Griffin1960,Bruce,VIC,No,1996-03-02,2016-05-09,Retired,NA,NA
Griffin1960,Corinella,VIC,No,1993-03-13,1996-03-02,Until Elected For Bruce,1,NA
Griffiths1903,Shortland,NSW,No,1949-12-10,1972-11-02,Retired,NA,NA
Griffiths1952,Maribyrnong,VIC,No,1983-03-05,1996-01-29,Retired,NA,NA
Griggs1969,Solomon,NT,No,2010-08-21,2016-07-02,Defeated,NA,NA
Groom1833,Darling Downs,QLD,No,1901-03-30,1901-08-08,Died,NA,NA
Groom1852,Flinders,VIC,No,1901-03-29,1903-11-23,Retired,NA,NA
Groom1867,Darling Downs,QLD,Yes,1901-09-14,1929-10-12,Defeated,NA,NA
Groom1867,Darling Downs,QLD,No,1931-12-19,1936-11-06,Died,NA,NA
Groom1944,Braddon,TAS,No,1975-12-13,1984-10-26,Retired,NA,NA
Gullett1878,Henty,VIC,No,1925-11-14,1940-08-13,Died,NA,NA
Gullett1914,Henty,VIC,Yes,1946-03-30,1955-11-04,Retired,NA,NA
Gun1936,Kingston,SA,No,1969-10-25,1975-12-13,Defeated,NA,NA
Guy1890,Bass,TAS,No,1929-10-12,1934-09-15,Defeated,NA,NA
Guy1890,Wilmot,TAS,No,1940-09-21,1946-09-28,Defeated,NA,NA
Haase1945,Durack,WA,No,2010-08-21,2013-08-05,Retired,NA,NA
Haase1945,Kalgoorlie,WA,No,1998-10-03,2010-08-21,Until Elected For Durack,1,NA
Hadley1893,Lilley,QLD,No,1943-08-21,1949-12-10,Defeated,NA,NA
Haines1961,Indi,VIC,No,2019-05-18,NA,NA,NA,NA
Halbert1910,Moore,WA,No,1958-11-22,1961-12-09,Defeated,NA,NA
Hale1969,Solomon,NT,No,2007-11-24,2010-08-21,Defeated,NA,NA
Hall1874,Werriwa,NSW,No,1906-12-12,1912-04-01,Resigned,NA,NA
Hall1928,Boothby,SA,Yes,1981-02-21,1996-01-29,Retired,NA,NA
Hall1949,Shortland,NSW,No,1998-10-03,2016-05-09,Retired,NA,NA
Hallett1917,Canning,WA,No,1963-11-30,1974-05-18,Defeated,NA,NA
Halverson1937,Casey,VIC,No,1984-12-01,1998-08-31,Retired,NA,NA
Hamer1923,Isaacs,VIC,No,1969-10-25,1974-05-18,Defeated,NA,NA
Hamer1923,Isaacs,VIC,No,1975-12-13,1977-11-10,Retired,NA,NA
Hamilton1899,Canning,WA,No,1949-12-10,1961-11-02,Retired,NA,NA
Hamilton1899,Swan,WA,No,1946-09-28,1949-12-10,Until Elected For Canning,1,NA
Hamilton1979,Groom,QLD,1,2020-11-28,NA,NA,NA,NA
Hammond1968,Curtin,WA,No,2019-05-18,NA,NA,NA,NA
Hammond1975,Perth,WA,No,2016-07-02,2018-05-10,Resigned,NA,NA
Hampson1864,Bendigo,VIC,Yes,1915-02-06,1917-05-05,Defeated,NA,NA
Hand1942,Melbourne,VIC,No,1983-03-05,1993-02-08,Retired,NA,NA
Handby1903,Kingston,SA,No,1949-12-10,1951-04-28,Defeated,NA,NA
Hannan1873,Fawkner,VIC,No,1913-05-31,1917-05-05,Defeated,NA,NA
Hansen1922,Wide Bay,QLD,No,1961-12-09,1974-05-18,Defeated,NA,NA
Hanson1954,Oxley,QLD,No,1996-03-02,1998-10-03,Defeated,NA,NA
Hardgrave1960,Moreton,QLD,No,1996-03-02,2007-11-24,Defeated,NA,NA
Harding1921,Herbert,QLD,No,1961-12-09,1966-11-26,Defeated,NA,NA
Harper1842,Mernda,VIC,No,1901-03-29,1913-04-23,Retired,NA,NA
Harris1937,Chisholm,VIC,No,1980-10-18,1983-03-05,Defeated,NA,NA
Harrison1880,Bendigo,VIC,No,1931-12-19,1937-09-21,Retired,NA,NA
Harrison1892,Wentworth,NSW,No,1931-12-19,1956-10-17,Resigned,NA,NA
Harrison1903,Blaxland,NSW,No,1949-12-10,1969-09-29,Retired,NA,NA
Hart1960,Bass,TAS,No,2016-07-02,2019-05-18,NA,NA,NA
Hartnoll1841,Tasmania,TAS,Yes,1902-03-26,1903-12-16,Defeated,NA,NA
Hartsuyker1959,Cowper,NSW,No,2001-11-10,2019-04-11,Retired,NA,Announced retirement 8 August 2018.
Harvey1946,Hawker,SA,No,1987-07-11,1990-03-24,Defeated,NA,NA
Haslem1939,Canberra,ACT,No,1975-12-13,1980-10-18,Defeated,NA,NA
Hasluck1905,Curtin,WA,No,1949-12-10,1969-02-10,Resigned,NA,NA
Hastie1982,Canning,WA,Yes,2015-09-19,NA,NA,NA,NA
Hatton1951,Blaxland,NSW,Yes,1996-06-15,2007-10-17,Retired,NA,NA
Haviland1952,Macarthur,NSW,No,1993-03-13,1996-01-29,Retired,NA,NA
Hawke1929,Wills,VIC,No,1980-10-18,1992-02-20,Resigned,NA,NA
Hawke1977,Mitchell,NSW,No,2007-11-24,NA,NA,NA,NA
Hawker1894,Wakefield,SA,No,1929-10-12,1938-10-25,Died,NA,NA
Hawker1949,Wannon,VIC,Yes,1983-05-07,2010-07-19,Retired,NA,NA
Haworth1905,Isaacs,VIC,No,1949-12-10,1969-09-29,Retired,NA,NA
Hay1865,New England,NSW,No,1919-12-13,1922-12-16,Defeated,NA,NA
Hayden1933,Oxley,QLD,No,1961-12-09,1988-08-17,Resigned,NA,NA
Hayes1955,Fowler,NSW,No,2010-08-21,NA,NA,NA,NA
Hayes1955,Werriwa,NSW,Yes,2005-03-19,2010-08-21,Until Elected For Fowler,1,NA
Haylen1898,Parkes,NSW,No,1943-08-21,1963-11-30,Defeated,NA,NA
Hedges1856,Fremantle,WA,No,1906-12-12,1913-05-31,Defeated,NA,NA
Heitmann1878,Kalgoorlie,WA,No,1917-05-05,1919-12-13,Defeated,NA,NA
Henderson1964,Corangamite,VIC,No,2013-09-07,2019-05-18,Defeated,NA,NA
Hendy1962,Eden-Monaro,NSW,No,2013-09-07,2016-07-02,Defeated,NA,NA
Henry1946,Hasluck,WA,No,2004-10-09,2007-11-24,Defeated,NA,NA
Henzell1948,Capricornia,QLD,No,1993-03-13,1996-03-02,Defeated,NA,NA
Hewson1914,McMillan,VIC,No,1972-12-02,1975-12-13,Defeated,NA,NA
Hewson1946,Wentworth,NSW,No,1987-07-11,1995-02-28,Resigned,NA,NA
Hicks1940,Riverina,NSW,No,1980-10-18,1984-12-01,Until Elected For Riverina-Darling,1,NA
Hicks1940,Riverina,NSW,No,1993-03-13,1998-08-31,Retired,NA,NA
Hicks1940,Riverina-Darling,NSW,No,1984-12-01,1993-03-13,Until Elected For Riverina,1,NA
Higgins1851,Northern Melbourne,VIC,No,1901-03-29,1906-10-13,Resigned,NA,NA
Higgs1862,Capricornia,QLD,No,1910-04-13,1922-12-16,Defeated,NA,NA
Hill1866,Echuca,VIC,Yes,1919-09-20,1934-08-07,Retired,NA,NA
Hill1973,Bruce,VIC,No,2016-07-02,NA,NA,NA,NA
Hoare1963,Charlton,NSW,No,1998-10-03,2007-10-17,Retired,NA,NA
Hockey1965,North Sydney,NSW,No,1996-03-02,2015-10-23,Resigned,NA,NA
Hodges1937,Petrie,QLD,No,1974-05-18,1983-03-05,Defeated,NA,NA
Hodges1937,Petrie,QLD,No,1984-12-01,1987-07-11,Defeated,NA,NA
Hodgman1938,Denison,TAS,No,1975-12-13,1987-07-11,Defeated,NA,NA
Hogan1963,Page,NSW,No,2013-09-07,NA,NA,NA,NA
Holder1850,South Australia,SA,No,1901-03-30,1903-12-16,Until Elected For Wakefield,1,NA
Holder1850,Wakefield,SA,No,1903-12-16,1909-07-23,Died,NA,NA
Holding1931,Melbourne Ports,VIC,No,1977-12-10,1998-08-31,Retired,NA,NA
Hollis1938,Macarthur,NSW,No,1983-03-05,1984-12-01,Until Elected For Throsby,1,NA
Hollis1938,Throsby,NSW,No,1984-12-01,2001-10-08,Retired,NA,NA
Holloway1875,Flinders,VIC,No,1929-10-12,1931-12-19,Until Elected For Melbourne Ports,1,NA
Holloway1875,Melbourne Ports,VIC,No,1931-12-19,1951-03-19,Retired,NA,NA
Holman1871,Martin,NSW,No,1931-12-19,1934-06-05,Died,NA,NA
Holt1908,Fawkner,VIC,Yes,1935-08-17,1949-12-10,Until Elected For Higgins,1,NA
Holt1908,Higgins,VIC,No,1949-12-10,1967-12-19,Presumed Dead,NA,NA
Holt1914,Darebin,VIC,No,1955-12-10,1958-10-14,Retired,NA,NA
Holten1922,Indi,VIC,No,1958-11-22,1977-12-10,Defeated,NA,NA
Horne1939,Paterson,NSW,No,1993-03-13,1996-03-02,Defeated,NA,NA
Horne1939,Paterson,NSW,No,1998-10-03,2001-11-10,Defeated,NA,NA
Howard1939,Bennelong,NSW,No,1974-05-18,2007-11-24,Defeated,NA,NA
Howarth1972,Petrie,QLD,No,2013-09-07,NA,NA,NA,NA
Howe1861,Dalley,NSW,No,1910-04-13,1915-04-02,Died,NA,NA
Howe1936,Batman,VIC,No,1977-12-10,1996-01-29,Retired,NA,NA
Howroyd1867,Darwin,TAS,No,1917-05-05,1917-05-10,Died,NA,Name of Darwin electorate changed to Braddon by resolution of Parliament following the redistribution of electoral boundaries 1955.
Howse1863,Calare,NSW,No,1922-12-16,1929-10-12,Defeated,NA,NA
Howse1913,Calare,NSW,No,1946-09-28,1960-09-28,Resigned,NA,NA
Howson1919,Casey,VIC,No,1969-10-25,1972-12-02,Defeated,NA,NA
Howson1919,Fawkner,VIC,No,1955-12-10,1969-10-25,Until Elected For Casey,1,NA
Hughes1862,Bendigo,VIC,No,1917-05-05,1922-12-16,Until Elected For North Sydney,1,NA
Hughes1862,Bradfield,NSW,No,1949-12-10,1952-10-28,Died,NA,NA
Hughes1862,North Sydney,NSW,No,1922-12-16,1949-12-10,Until Elected For Bradfield,1,NA
Hughes1862,West Sydney,NSW,No,1901-03-29,1917-05-05,Until Elected For Bendigo,1,NA
Hughes1923,Berowra,NSW,No,1969-10-25,1972-11-02,Retired,NA,NA
Hughes1923,Parkes,NSW,No,1963-11-30,1969-10-25,Until Elected For Berowra,1,NA
Hull1954,Riverina,NSW,No,1998-10-03,2010-07-19,Retired,NA,NA
Hulls1957,Kennedy,QLD,No,1990-03-24,1993-03-13,Defeated,NA,NA
Hulme1907,Petrie,QLD,No,1949-12-10,1961-12-09,Defeated,NA,NA
Hulme1907,Petrie,QLD,No,1963-11-30,1972-11-02,Retired,NA,NA
HumeCook1866,Bourke,VIC,No,1901-03-29,1910-04-13,Defeated,NA,NA
Humphreys1934,Griffith,QLD,No,1977-12-10,1996-01-29,Retired,NA,NA
Hunt1928,Gwydir,NSW,Yes,1969-06-07,1989-02-24,Resigned,NA,NA
Hunt1965,Flinders,VIC,No,2001-11-10,NA,NA,NA,NA
Hunter1882,Maranoa,QLD,Yes,1921-07-30,1940-08-27,Retired,NA,NA
Hurford1931,Adelaide,SA,No,1969-10-25,1987-12-31,Resigned,NA,NA
Hurry1868,Bendigo,VIC,No,1922-12-16,1929-10-12,Defeated,NA,NA
Husar1980,Lindsay,NSW,No,2016-07-02,2019-04-11,Retired,NA,Announced retirement 11 April 2019
Husic1970,Chifley,NSW,No,2010-08-21,NA,NA,NA,NA
Hutchin1887,Denison,TAS,No,1931-12-19,1934-09-15,Defeated,NA,NA
Hutchinson1904,Deakin,VIC,No,1937-10-23,1949-10-31,Retired,NA,NA
Hutchinson1904,Indi,VIC,No,1931-12-19,1937-10-23,Until Elected For Deakin,1,NA
Hutchinson1965,Lyons,TAS,No,2013-09-07,2016-07-02,Defeated,NA,NA
Hutchison1859,Hindmarsh,SA,No,1903-12-16,1909-12-06,Died,NA,NA
Hyde1936,Moore,WA,No,1974-05-18,1983-03-05,Defeated,NA,NA
Innes1925,Melbourne,VIC,No,1972-12-02,1983-02-04,Retired,NA,NA
Irons1958,Swan,WA,No,2007-11-24,NA,NA,NA,NA
Irvine1856,Grampians,VIC,No,1906-12-12,1914-09-05,Defeated,NA,NA
Irvine1858,Flinders,VIC,No,1906-12-12,1918-04-05,Resigned,NA,NA
Irwin1898,Mitchell,NSW,No,1963-11-30,1972-12-02,Defeated,NA,NA
Irwin1951,Fowler,NSW,No,1998-10-03,2010-07-19,Retired,NA,NA
Isaacs1855,Indi,VIC,No,1901-03-29,1906-10-12,Resigned,NA,NA
Jack1892,North Sydney,NSW,No,1949-12-10,1966-10-31,Retired,NA,NA
Jackson1889,Bass,TAS,No,1919-12-13,1929-10-12,Defeated,NA,NA
Jackson1962,Hasluck,WA,No,2001-11-10,2004-10-09,Defeated,NA,NA
Jackson1962,Hasluck,WA,No,2007-11-24,2010-08-21,Defeated,NA,NA
Jacobi1928,Hawker,SA,No,1969-10-25,1987-06-05,Retired,NA,NA
Jakobsen1947,Cowan,WA,No,1984-12-01,1993-03-13,Defeated,NA,NA
James1885,Hunter,NSW,No,1928-11-17,1958-10-14,Retired,NA,NA
James1914,Hunter,NSW,Yes,1960-04-09,1980-09-19,Retired,NA,NA
Jarman1923,Deakin,VIC,No,1966-11-26,1983-03-05,Defeated,NA,NA
Jeanes1958,Kingston,SA,No,1996-03-02,1998-10-03,Defeated,NA,NA
Jenkins1925,Scullin,VIC,No,1969-10-25,1985-12-20,Resigned,NA,NA
Jenkins1952,Scullin,VIC,Yes,1986-02-08,2013-08-05,Retired,NA,NA
Jennings1878,South Sydney,NSW,No,1931-12-19,1934-09-15,Until Elected For Watson,1,NA
Jennings1878,Watson,NSW,No,1934-09-15,1940-09-21,Defeated,NA,NA
Jensen1865,Bass,TAS,No,1910-04-13,1919-12-13,Defeated,NA,NA
Jensen1962,Tangney,WA,No,2004-10-09,2016-07-02,Defeated,NA,NA
Jess1922,La Trobe,VIC,Yes,1960-04-09,1972-12-02,Defeated,NA,NA
Jessop1927,Grey,SA,No,1966-11-26,1969-10-25,Defeated,NA,NA
Johns1952,Petrie,QLD,No,1987-07-11,1996-03-02,Defeated,NA,NA
Johnson1862,Lang,NSW,No,1903-12-16,1928-11-17,Defeated,NA,NA
Johnson1871,Robertson,NSW,No,1910-04-13,1913-05-31,Defeated,NA,NA
Johnson1889,Kalgoorlie,WA,Yes,1940-11-16,1958-10-14,Retired,NA,NA
Johnson1924,Hughes,NSW,No,1955-12-10,1966-11-26,Defeated,NA,NA
Johnson1924,Hughes,NSW,No,1969-10-25,1983-12-19,Resigned,NA,NA
Johnson1929,Burke,VIC,No,1969-10-25,1980-09-19,Retired,NA,NA
Johnson1943,Brisbane,QLD,No,1975-12-13,1980-10-18,Defeated,NA,NA
Johnson1970,Ryan,QLD,No,2001-11-10,2010-08-21,Defeated,NA,NA
Johnston1930,Hotham,VIC,No,1977-12-10,1980-10-18,Defeated,NA,NA
Johnston1943,Canning,WA,No,1996-03-02,1998-10-03,Defeated,NA,NA
Jolley1874,Grampians,VIC,No,1914-09-05,1915-01-01,Died,NA,NA
Jolly1882,Lilley,QLD,No,1937-10-23,1943-08-21,Defeated,NA,NA
Jones1878,Indi,VIC,No,1928-11-17,1931-12-19,Defeated,NA,NA
Jones1917,Newcastle,NSW,No,1958-11-22,1983-02-04,Retired,NA,NA
Jones1944,Adelaide,SA,No,1966-11-26,1969-10-25,Defeated,NA,NA
Jones1960,Herbert,QLD,No,2010-08-21,2016-07-02,Defeated,NA,NA
Jones1965,Throsby,NSW,No,2010-08-21,2016-07-02,Until Elected For Whitlam,1,NA
Jones1965,Whitlam,NSW,No,2016-07-02,NA,NA,NA,NA
JonesBarry1932,Lalor,VIC,No,1977-12-10,1998-08-31,Retired,NA,NA
Joshua1906,Ballaarat,VIC,No,1951-04-28,1955-12-10,Defeated,NA,NA
Joske1895,Balaclava,VIC,Yes,1951-07-28,1960-06-02,Resigned,NA,NA
Jowett1858,Grampians,VIC,Yes,1917-10-27,1922-12-16,Defeated,NA,NA
Joyce1967,New England,NSW,No,2013-09-07,2017-10-27,Disqualification,NA,Eligibility issues.
Joyce1967,New England,NSW,Yes,2017-12-02,NA,NA,NA,NA
Jull1944,Bowman,QLD,No,1975-12-13,1983-03-05,Defeated,NA,NA
Jull1944,Fadden,QLD,No,1984-12-01,2007-10-17,Retired,NA,NA
Katter1918,Kennedy,QLD,No,1966-11-26,1990-02-19,Retired,NA,NA
Katter1945,Kennedy,QLD,No,1993-03-13,NA,NA,NA,NA
Keane1881,Bendigo,VIC,No,1929-10-12,1931-12-19,Defeated,NA,NA
Kearney1903,Cunningham,NSW,Yes,1956-04-11,1963-11-01,Retired,NA,NA
Kearney1963,Batman,VIC,Yes,2018-03-17,2019-04-11,NA,NA,Name change
Kearney1963,Cooper,VIC,No,2019-05-18,NA,NA,NA,NA
Keating1944,Blaxland,NSW,No,1969-10-25,1996-04-23,Resigned,NA,NA
Keay1975,Braddon,TAS,No,2016-07-02,2019-05-10,Resigned,NA,Eligibility issues.
Keay1975,Braddon,TAS,Yes,2018-07-28,2019-05-18,Defeated,NA,NA
Keenan1972,Stirling,WA,No,2004-10-09,2019-04-11,NA,NA,Announced retirement 25 January 2019.
Kekwick1910,Bass,TAS,No,1949-12-10,1954-05-29,Defeated,NA,NA
Kelly1877,Wentworth,NSW,No,1903-12-16,1919-11-03,Retired,NA,NA
Kelly1912,Wakefield,SA,No,1958-11-22,1977-11-10,Retired,NA,NA
Kelly1948,Canberra,ACT,No,1980-10-18,1995-01-30,Resigned,NA,NA
Kelly1954,Dawson,QLD,No,1996-03-02,2007-11-24,Defeated,NA,NA
Kelly1960,Eden-Monaro,NSW,No,2007-11-24,2013-09-07,Defeated,NA,NA
Kelly1960,Eden-Monaro,NSW,No,2016-07-02,2020-04-30,NA,NA,NA
Kelly1963,Hughes,NSW,No,2010-08-21,NA,NA,NA,NA
Kelly1964,Lindsay,NSW,No,1996-03-02,1996-09-11,Voided,NA,NA
Kelly1964,Lindsay,NSW,Yes,1996-10-19,2007-10-17,Retired,NA,NA
Kemp1941,Goldstein,VIC,No,1990-03-24,2004-08-31,Retired,NA,NA
Kendell1851,Corio,VIC,No,1913-05-31,1914-09-05,Defeated,NA,NA
Kennedy1860,Moira,VIC,No,1901-03-29,1906-12-12,Defeated,NA,NA
Kennedy1940,Bendigo,VIC,Yes,1969-06-07,1972-12-02,Defeated,NA,NA
Kent1927,Hotham,VIC,No,1980-10-18,1990-03-24,Defeated,NA,NA
KentHughes1895,Chisholm,VIC,No,1949-12-10,1970-07-31,Died,NA,NA
Keogh1931,Bowman,QLD,No,1969-10-25,1975-12-13,Defeated,NA,NA
Keogh1931,Bowman,QLD,No,1983-03-05,1987-06-05,Retired,NA,NA
Keogh1981,Burt,WA,No,2016-07-02,NA,NA,NA,NA
Keon1915,Yarra,VIC,No,1949-12-10,1955-12-10,Defeated,NA,NA
Kerby1885,Ballaarat,VIC,No,1919-12-13,1920-06-02,Voided,NA,NA
Kerin1937,Macarthur,NSW,No,1972-12-02,1975-12-13,Defeated,NA,NA
Kerin1937,Werriwa,NSW,Yes,1978-09-23,1993-12-22,Resigned,NA,NA
Kernot1948,Dickson,QLD,No,1998-10-03,2001-11-10,Defeated,NA,NA
Kerr1952,Denison,TAS,No,1987-07-11,2010-07-19,Retired,NA,NA
Khalil1973,Wills,VIC,No,2016-07-02,NA,NA,NA,NA
Killen1860,Riverina,NSW,No,1922-12-16,1931-11-27,Retired,NA,NA
Killen1925,Moreton,QLD,No,1955-12-10,1983-08-15,Resigned,NA,NA
King1920,Wimmera,VIC,No,1958-11-22,1977-11-10,Retired,NA,NA
King1952,Wentworth,NSW,No,2001-11-10,2004-10-09,Defeated,NA,NA
King1966,Ballarat,VIC,No,2001-11-10,NA,NA,NA,Ballaarat until federal redistribution 1977
King1973,Brand,WA,No,2016-07-02,NA,NA,NA,NA
Kingston1850,Adelaide,SA,No,1903-12-16,1908-05-11,Died,NA,NA
Kingston1850,South Australia,SA,No,1901-03-30,1903-12-16,Until Elected For Adelaide,1,NA
Kirwan1869,Kalgoorlie,WA,No,1901-03-29,1903-12-16,Defeated,NA,NA
Kirwan1937,Forrest,WA,No,1969-10-25,1972-12-02,Defeated,NA,NA
Klugman1924,Prospect,NSW,No,1969-10-25,1990-02-19,Retired,NA,NA
Knott1956,Gilmore,NSW,No,1993-03-13,1996-03-02,Defeated,NA,NA
Knox1850,Kooyong,VIC,No,1901-03-29,1910-07-26,Resigned,NA,NA
Lacey1887,Grey,SA,No,1922-12-16,1931-12-19,Defeated,NA,NA
Lamb1939,La Trobe,VIC,No,1972-12-02,1975-12-13,Defeated,NA,NA
Lamb1939,Streeton,VIC,No,1984-12-01,1990-03-24,Defeated,NA,NA
Lamb1972,Longman,QLD,No,2016-07-02,2018-05-10,Resigned,NA,Eligibility issues
Lamb1972,Longman,QLD,Yes,2018-07-28,2019-05-18,Defeated,NA,NA
Lambert1881,West Sydney,NSW,Yes,1921-09-03,1928-09-06,Died,NA,NA
Laming1966,Bowman,QLD,No,2004-10-09,NA,NA,NA,NA
Lamond1865,Illawarra,NSW,No,1917-05-05,1922-12-16,Defeated,NA,NA
Landry1962,Capricornia,QLD,No,2013-09-07,NA,NA,NA,NA
Lane1873,Barton,NSW,No,1931-12-19,1940-09-21,Defeated,NA,NA
Lang1876,Reid,NSW,No,1946-09-28,1949-12-10,Defeated,NA,NA
Langmore1939,Fraser,ACT,No,1984-12-01,1996-12-06,Resigned,NA,NA
Langtry1880,Riverina,NSW,No,1940-09-21,1949-12-10,Defeated,NA,NA
Latham1877,Kooyong,VIC,No,1922-12-16,1934-08-07,Retired,NA,NA
Latham1961,Werriwa,NSW,Yes,1994-01-29,2005-01-21,Resigned,NA,NA
Laundy1971,Reid,NSW,No,2013-09-07,2019-04-11,NA,NA,Announced retirement 15 March 2019.
Lavarch1961,Dickson,QLD,No,1993-04-17,1996-03-02,Defeated,NA,NA
Lavarch1961,Fisher,QLD,No,1987-07-11,1993-04-17,Until Elected For Dickson,1,NA
Lavelle1887,Calare,NSW,No,1919-12-13,1922-12-16,Defeated,NA,NA
Lawler1961,Parkes,NSW,No,1998-10-03,2001-10-08,Retired,NA,NA
Lawrence1906,Wimmera,VIC,No,1949-12-10,1958-11-22,Defeated,NA,NA
Lawrence1948,Fremantle,WA,Yes,1994-03-12,2007-10-17,Retired,NA,NA
Lawson1880,Brisbane,QLD,No,1931-12-19,1961-11-02,Retired,NA,NA
Lawson1897,Macquarie,NSW,No,1931-12-19,1940-09-21,Defeated,NA,NA
Lazzarini1894,Werriwa,NSW,No,1919-12-13,1931-12-19,Defeated,NA,NA
Lazzarini1894,Werriwa,NSW,No,1934-09-15,1952-10-01,Died,NA,NA
Leckie1872,Indi,VIC,No,1917-05-05,1919-12-13,Defeated,NA,NA
Lee1856,Cowper,NSW,No,1903-12-16,1906-12-12,Defeated,NA,NA
Lee1920,Lalor,VIC,No,1966-11-26,1969-10-25,Defeated,NA,NA
Lee1957,Dobell,NSW,No,1984-12-01,2001-11-10,Defeated,NA,NA
Leeser1976,Berowra,NSW,No,2016-07-02,NA,NA,NA,NA
Leigh1972,Fenner,ACT,No,2016-07-02,NA,NA,NA,NA
Leigh1972,Fraser,ACT,No,2010-08-21,2016-07-02,Until Elected For Fenner,1,NA
Lemmon1908,Forrest,WA,No,1943-08-21,1949-12-10,Defeated,NA,NA
Lemmon1908,St George,NSW,No,1954-05-29,1955-12-10,Defeated,NA,NA
Leslie1900,Moore,WA,No,1949-12-10,1958-11-22,Defeated,NA,NA
Leslie1900,Moore,WA,No,1961-12-09,1963-11-01,Retired,NA,NA
Lewis1882,Corio,VIC,No,1929-10-12,1931-12-19,Defeated,NA,NA
Ley1879,Barton,NSW,No,1925-11-14,1928-11-17,Defeated,NA,NA
Ley1961,Farrer,NSW,No,2001-11-10,NA,NA,NA,NA
Liddell1862,Hunter,NSW,No,1903-12-16,1910-04-13,Defeated,NA,NA
Lieberman1938,Indi,VIC,No,1993-03-13,2001-10-08,Retired,NA,NA
Lindsay1905,Flinders,VIC,No,1954-05-29,1966-10-31,Retired,NA,NA
Lindsay1942,Herbert,QLD,No,1983-03-05,1996-03-02,Defeated,NA,NA
Lindsay1944,Herbert,QLD,No,1996-03-02,2010-07-19,Retired,NA,NA
Lister1875,Corio,VIC,No,1917-05-05,1929-10-12,Defeated,NA,NA
Littleproud1976,Maranoa,QLD,No,2016-07-02,NA,NA,NA,NA
Liu1964,Chisholm,VIC,No,2019-05-18,NA,NA,NA,NA
Livermore1969,Capricornia,QLD,No,1998-10-03,2013-08-05,Retired,NA,NA
Livingston1856,Barker,SA,No,1906-12-12,1922-11-06,Retired,NA,NA
Lloyd1937,Murray,VIC,Yes,1971-03-20,1996-01-29,Retired,NA,NA
Lloyd1954,Robertson,NSW,No,1996-03-02,2007-11-24,Defeated,NA,NA
Long1885,Lang,NSW,No,1928-11-17,1931-12-19,Defeated,NA,NA
Lonsdale1843,New England,NSW,No,1903-12-16,1906-12-12,Defeated,NA,NA
Luchetti1904,Macquarie,NSW,Yes,1951-07-28,1975-11-11,Retired,NA,NA
Luck1900,Braddon,TAS,No,1955-12-10,1958-11-22,Defeated,NA,NA
Luck1900,Darwin,TAS,No,1951-04-28,1955-12-10,Until Elected For Braddon,1,Name of Darwin electorate changed to Braddon by resolution of Parliament following the redistribution of electoral boundaries 1955.
Lucock1916,Lyne,NSW,Yes,1952-03-22,1980-09-19,Retired,NA,NA
Lusher1945,Hume,NSW,No,1974-05-18,1984-12-01,Defeated,NA,NA
Lynch1862,Werriwa,NSW,No,1914-09-05,1919-12-13,Defeated,NA,NA
Lynch1933,Flinders,VIC,No,1966-11-26,1982-10-22,Resigned,NA,NA
Lyne1844,Hume,NSW,No,1901-03-29,1913-05-31,Defeated,NA,NA
Lyons1879,Wilmot,TAS,No,1929-10-12,1939-04-07,Died,NA,NA
Lyons1897,Darwin,TAS,No,1943-08-21,1951-03-19,Retired,NA,Name of Darwin electorate changed to Braddon by resolution of Parliament following the redistribution of electoral boundaries 1955.
Lyons1953,Bass,TAS,No,2010-08-21,2013-09-07,Defeated,NA,NA
MacdonaldPaterson1844,Brisbane,QLD,No,1901-03-30,1903-12-16,Defeated,NA,NA
Macfarlane1955,Groom,QLD,No,1998-10-03,2016-05-09,Retired,NA,NA
Mack1933,North Sydney,NSW,No,1990-03-24,1996-01-29,Retired,NA,NA
Mackay1872,Lilley,QLD,No,1917-05-05,1934-08-07,Retired,NA,NA
Mackay1919,Evans,NSW,No,1963-11-30,1972-12-02,Defeated,NA,NA
MacKellar1938,Warringah,NSW,No,1969-10-25,1994-02-18,Resigned,NA,NA
MacKenzie1941,Calare,NSW,No,1975-12-13,1983-03-05,Defeated,NA,NA
Mackinnon1903,Corangamite,VIC,Yes,1953-08-29,1966-10-31,Retired,NA,NA
Mackinnon1903,Wannon,VIC,No,1949-12-10,1951-04-28,Defeated,NA,NA
Macklin1953,Jagajaga,VIC,No,1996-03-02,2019-04-11,Retired,NA,Announced retirement 6 July 2018.
Macphee1938,Balaclava,VIC,No,1974-05-18,1984-12-01,Until Elected For Goldstein,1,NA
Macphee1938,Goldstein,VIC,No,1984-12-01,1990-02-19,Retired,NA,NA
MacTiernan1953,Perth,WA,No,2013-09-07,2016-05-09,Retired,NA,NA
Maher1936,Lowe,NSW,Yes,1982-03-13,1987-07-11,Defeated,NA,NA
Mahon1857,Coolgardie,WA,No,1901-03-29,1913-05-31,Defeated,NA,NA
Mahon1857,Kalgoorlie,WA,Yes,1913-12-22,1917-05-05,Defeated,NA,NA
Mahon1857,Kalgoorlie,WA,No,1919-12-13,1920-11-12,Expelled,NA,NA
Mahoney1892,Denison,TAS,No,1934-09-15,1940-09-21,Defeated,NA,NA
Mahony1877,Dalley,NSW,Yes,1915-05-06,1927-01-18,Resigned,NA,NA
Maisey1915,Moore,WA,No,1963-11-30,1974-05-18,Defeated,NA,NA
Makin1889,Bonython,SA,No,1955-12-10,1963-11-01,Retired,NA,NA
Makin1889,Hindmarsh,SA,No,1919-12-13,1946-08-14,Resigned,NA,NA
Makin1889,Sturt,SA,No,1954-05-29,1955-12-10,Until Elected For Bonython,1,NA
Maloney1854,Melbourne,VIC,Yes,1904-03-30,1940-08-27,Retired,NA,NA
Manifold1867,Corangamite,VIC,No,1901-03-29,1903-11-23,Retired,NA,NA
Manifold1867,Corangamite,VIC,No,1913-05-31,1918-10-23,Died,NA,NA
Mann1874,Perth,WA,No,1922-12-16,1929-10-12,Defeated,NA,NA
Manning1872,Macquarie,NSW,No,1922-12-16,1928-11-17,Defeated,NA,NA
Marek1964,Capricornia,QLD,No,1996-03-02,1998-10-03,Defeated,NA,NA
Marino1954,Forrest,WA,No,2007-11-24,NA,NA,NA,NA
Marks1875,Wentworth,NSW,No,1919-12-13,1931-12-19,Defeated,NA,NA
Markus1958,Greenway,NSW,No,2004-10-09,2010-08-21,Until Elected For Macquarie,1,NA
Markus1958,Macquarie,NSW,No,2010-08-21,2016-07-02,Defeated,NA,NA
Marles1967,Corio,VIC,No,2007-11-24,NA,NA,NA,NA
Marr1880,Parkes,NSW,No,1919-12-13,1929-10-12,Defeated,NA,NA
Marr1880,Parkes,NSW,Yes,1931-01-31,1943-08-21,Defeated,NA,NA
Martens1874,Herbert,QLD,No,1928-11-17,1946-08-16,Retired,NA,NA
Martin1920,Banks,NSW,No,1969-10-25,1980-09-19,Retired,NA,NA
Martin1948,Cunningham,NSW,No,1993-03-13,2002-08-16,Resigned,NA,NA
Martin1948,Macarthur,NSW,No,1984-12-01,1993-03-13,Until Elected For Cunningham,1,NA
Martin1977,Reid,NSW,No,2019-05-18,NA,NA,NA,NA
Martyr1932,Swan,WA,No,1975-12-13,1980-10-18,Defeated,NA,NA
Marwick1895,Swan,WA,Yes,1940-12-21,1943-08-21,Defeated,NA,NA
MassyGreene1874,Richmond,NSW,No,1910-04-13,1922-12-16,Defeated,NA,NA
Matheson1958,Macarthur,NSW,No,2010-08-21,2016-07-02,Defeated,NA,NA
Mathews1865,Melbourne Ports,VIC,No,1906-12-12,1931-11-27,Retired,NA,NA
Mathews1935,Casey,VIC,No,1972-12-02,1975-12-13,Defeated,NA,NA
Mauger1857,Maribyrnong,VIC,No,1906-12-12,1910-04-13,Defeated,NA,NA
Mauger1857,Melbourne Ports,VIC,No,1901-03-29,1906-12-12,Until Elected For Maribyrnong,1,NA
Maxwell1859,Fawkner,VIC,No,1917-05-05,1935-06-25,Died,NA,NA
May1950,McPherson,QLD,No,1998-10-03,2010-07-19,Retired,NA,NA
Mayer1932,Chisholm,VIC,No,1983-03-05,1987-07-11,Defeated,NA,NA
McArthur1937,Corangamite,VIC,Yes,1984-02-18,2007-11-24,Defeated,NA,NA
McBain1982,Eden-Monaro,NSW,Yes,2020-07-04,NA,NA,NA,NA
McBride1892,Grey,SA,No,1931-12-19,1937-09-21,Retired,NA,NA
McBride1892,Wakefield,SA,No,1946-09-28,1958-10-14,Retired,NA,NA
McBride1975,Dobell,NSW,No,2016-07-02,NA,NA,NA,NA
McCall1908,Martin,NSW,No,1934-09-15,1943-08-21,Defeated,NA,NA
McCay1864,Corinella,VIC,No,1901-03-29,1906-12-12,Defeated,NA,NA
McClelland1875,Wimmera,VIC,No,1931-12-19,1937-10-23,Defeated,NA,NA
McClelland1958,Barton,NSW,No,1996-03-02,2013-08-05,Retired,NA,NA
McColl1844,Echuca,VIC,No,1901-03-29,1906-11-05,Retired,NA,NA
McColm1914,Bowman,QLD,No,1949-12-10,1961-12-09,Defeated,NA,NA
McCormack1964,Riverina,NSW,No,2010-08-21,NA,NA,NA,NA
McDonald1861,Kennedy,QLD,No,1901-03-30,1925-11-13,Died,NA,NA
McDonald1872,Barton,NSW,No,1922-12-16,1925-11-14,Defeated,NA,NA
McDonald1888,Corangamite,VIC,No,1940-09-21,1953-06-10,Died,NA,NA
McDougall1867,Wannon,VIC,No,1906-12-12,1913-05-31,Defeated,NA,NA
McDougall1946,Griffith,QLD,No,1996-03-02,1998-10-03,Defeated,NA,NA
McEacharn1852,Melbourne,VIC,No,1901-03-29,1903-12-16,Voided,NA,NA
McEwen1900,Echuca,VIC,No,1934-09-15,1937-10-23,Until Elected For Indi,1,NA
McEwen1900,Indi,VIC,No,1937-10-23,1949-12-10,Until Elected For Murray,1,NA
McEwen1900,Murray,VIC,No,1949-12-10,1971-02-01,Resigned,NA,NA
McFarlane1944,Stirling,WA,No,1998-10-03,2004-10-09,Defeated,NA,NA
McGauran1955,Gippsland,VIC,No,1983-03-05,2008-04-09,Resigned,NA,NA
McGowan1953,Indi,VIC,No,2013-09-07,2019-04-11,Retired,NA,Announced retirement 14 January 2019.
McGrath1872,Ballaarat,VIC,No,1913-05-31,1919-12-13,Defeated,NA,Ballarat from federal redistribution 1977
McGrath1872,Ballaarat,VIC,Yes,1920-07-10,1934-07-31,Died,NA,Ballarat from federal redistribution 1977
McGuren1909,Cowper,NSW,No,1961-12-09,1963-11-30,Defeated,NA,NA
McHugh1892,Wakefield,SA,Yes,1938-12-10,1940-09-21,Defeated,NA,NA
McHugh1934,Grayndler,NSW,No,1993-03-13,1996-01-29,Retired,NA,NA
McHugh1934,Phillip,NSW,No,1983-03-05,1993-03-13,Until Elected For Grayndler,1,NA
McIntosh1977,Lindsay,NSW,No,2019-05-18,NA,NA,NA,NA
McIvor1900,Gellibrand,VIC,No,1955-12-10,1972-11-02,Retired,NA,NA
McKenzie1933,Diamond Valley,VIC,No,1972-12-02,1975-12-13,Defeated,NA,NA
McKew1953,Bennelong,NSW,No,2007-11-24,2010-08-21,Defeated,NA,NA
McLachlan1936,Barker,SA,No,1990-03-24,1998-08-31,Retired,NA,NA
McLean1840,Gippsland,VIC,No,1901-03-29,1906-12-12,Defeated,NA,NA
McLean1863,Lang,NSW,No,1901-03-29,1903-11-23,Retired,NA,NA
McLean1944,Perth,WA,No,1975-12-13,1983-03-05,Defeated,NA,NA
McLeay1893,Boothby,SA,No,1949-12-10,1966-10-31,Retired,NA,NA
McLeay1922,Boothby,SA,No,1966-11-26,1981-01-22,Resigned,NA,NA
McLeay1945,Grayndler,NSW,Yes,1979-06-23,1993-03-13,Until Elected For Watson,1,NA
McLeay1945,Watson,NSW,No,1993-03-13,2004-08-31,Retired,NA,NA
McLeod1892,Wannon,VIC,No,1940-09-21,1949-12-10,Defeated,NA,NA
McLeod1892,Wannon,VIC,No,1951-04-28,1955-11-04,Retired,NA,NA
McMahon1908,Lowe,NSW,No,1949-12-10,1982-01-04,Resigned,NA,NA
McMahon1930,Sydney,NSW,No,1975-12-13,1983-02-04,Retired,NA,NA
McMillan1850,Wentworth,NSW,No,1901-03-29,1903-11-23,Retired,NA,NA
McMullan1947,Canberra,ACT,No,1996-03-02,1998-10-03,Until Elected For Fraser,1,NA
McMullan1947,Fraser,ACT,No,1998-10-03,2010-07-19,Retired,NA,NA
McNamara1964,Dobell,NSW,No,2013-09-07,2016-07-02,Defeated,NA,NA
McNeill1868,Wannon,VIC,No,1922-12-16,1925-11-14,Defeated,NA,NA
McNeill1868,Wannon,VIC,No,1929-10-12,1931-12-19,Defeated,NA,NA
McNeill1921,Canning,WA,No,1961-12-09,1963-11-30,Defeated,NA,NA
McNicoll1877,Werriwa,NSW,No,1931-12-19,1934-09-14,Resigned,NA,NA
McTiernan1892,Parkes,NSW,No,1929-10-12,1930-12-19,Resigned,NA,NA
McVeigh1930,Darling Downs,QLD,No,1972-12-02,1984-12-01,Until Elected For Groom,1,NA
McVeigh1930,Groom,QLD,No,1984-12-01,1988-02-29,Resigned,NA,NA
McVeigh1965,Groom,QLD,No,2016-07-02,2020-09-18,Resigned,NA,NA
McWilliams1856,Franklin,TAS,No,1903-12-16,1922-12-16,Defeated,NA,NA
McWilliams1856,Franklin,TAS,No,1928-11-17,1929-10-22,Died,NA,NA
Melham1954,Banks,NSW,No,1990-03-24,2013-09-07,Defeated,NA,NA
Menzies1894,Kooyong,VIC,No,1934-09-15,1966-02-17,Resigned,NA,NA
Mildren1932,Ballarat,VIC,No,1980-10-18,1990-03-24,Defeated,NA,Ballaarat until federal redistribution 1977
Miles1947,Braddon,TAS,No,1984-12-01,1998-10-03,Defeated,NA,NA
Millar1925,Wide Bay,QLD,No,1974-05-18,1990-02-19,Retired,NA,NA
Milton1928,La Trobe,VIC,No,1980-10-18,1990-03-24,Defeated,NA,NA
Minogue1893,West Sydney,NSW,No,1949-12-10,1969-06-26,Retired,NA,NA
Mirabella1968,Indi,VIC,No,2001-11-10,2013-09-07,Defeated,NA,NA
MitchellBrian1967,Lyons,TAS,No,2016-07-02,NA,NA,NA,NA
MitchellRobert1967,McEwen,VIC,No,2010-08-21,NA,NA,NA,NA
Moloney1876,Hume,NSW,No,1919-12-13,1931-12-19,Defeated,NA,NA
Moloney1876,Indi,VIC,No,1910-04-13,1913-05-31,Defeated,NA,NA
Moloney1876,Indi,VIC,No,1914-09-05,1917-05-05,Defeated,NA,NA
Monaghan1921,Evans,NSW,No,1961-12-09,1963-11-30,Defeated,NA,NA
Moore1936,Ryan,QLD,No,1975-12-13,2001-02-05,Resigned,NA,NA
Morgan1881,Darling Downs,QLD,No,1929-10-12,1931-12-19,Defeated,NA,NA
Morgan1897,Reid,NSW,No,1940-09-21,1946-09-28,Defeated,NA,NA
Morgan1897,Reid,NSW,No,1949-12-10,1958-11-22,Defeated,NA,NA
Morris1932,Shortland,NSW,No,1972-12-02,1998-08-31,Retired,NA,NA
Morris1940,Newcastle,NSW,No,1983-03-05,2001-10-08,Retired,NA,NA
Morrison1928,St George,NSW,No,1969-10-25,1975-12-13,Defeated,NA,NA
Morrison1928,St George,NSW,No,1980-10-18,1984-10-26,Retired,NA,NA
Morrison1968,Cook,NSW,No,2007-11-24,NA,NA,NA,NA
Mortimer1912,Grey,SA,Yes,1963-06-01,1966-11-26,Defeated,NA,NA
Morton1981,Tangney,WA,No,2016-07-02,NA,NA,NA,NA
Mossfield1935,Greenway,NSW,No,1996-03-02,2004-08-31,Retired,NA,NA
Mountford1933,Banks,NSW,No,1980-10-18,1990-02-19,Retired,NA,NA
Mountjoy1906,Swan,WA,No,1943-08-21,1946-09-28,Defeated,NA,NA
Moylan1944,Pearce,WA,No,1993-03-13,2013-08-05,Retired,NA,NA
Mulcahy1882,Lang,NSW,No,1934-09-15,1953-07-13,Died,NA,NA
Mulder1928,Evans,NSW,No,1972-12-02,1975-12-13,Defeated,NA,NA
Mulino1969,Fraser,VIC,No,2019-05-18,NA,NA,NA,NA
Mullens1896,Gellibrand,VIC,No,1949-12-10,1955-12-10,Defeated,NA,NA
Munro1930,Eden-Monaro,NSW,No,1966-11-26,1969-10-25,Defeated,NA,NA
Murphy1950,Lowe,NSW,No,1998-10-03,2010-08-21,Until Elected For Reid,1,NA
Murphy1950,Reid,NSW,No,2010-08-21,2013-09-07,Defeated,NA,NA
Murphy1973,Dunkley,VIC,No,2019-05-18,NA,NA,NA,NA
Murray1915,Herbert,QLD,No,1958-11-22,1961-12-09,Defeated,NA,NA
Mutch1956,Cook,NSW,No,1996-03-02,1998-08-31,Retired,NA,NA
Nairn1879,Perth,WA,No,1929-10-12,1943-08-21,Defeated,NA,NA
Nairn1951,Eden-Monaro,NSW,No,1996-03-02,2007-11-24,Defeated,NA,NA
Neal1963,Robertson,NSW,No,2007-11-24,2010-07-19,Retired,NA,NA
Nehl1934,Cowper,NSW,No,1984-12-01,2001-10-08,Retired,NA,NA
Neil1944,St George,NSW,No,1975-12-13,1980-10-18,Defeated,NA,NA
Nelson1881,Northern Territory,NT,No,1922-12-16,1934-09-15,Defeated,NA,NA
Nelson1908,Northern Territory,NT,No,1949-12-10,1966-10-31,Retired,NA,NA
Nelson1958,Bradfield,NSW,No,1996-03-02,2009-10-19,Resigned,NA,NA
Neumann1961,Blair,QLD,No,2007-11-24,NA,NA,NA,NA
Neville1940,Hinkler,QLD,No,1993-03-13,2013-08-05,Retired,NA,NA
Newell1952,Richmond,NSW,No,1990-03-24,1996-03-02,Defeated,NA,NA
Newman1933,Bass,TAS,Yes,1975-06-28,1984-10-26,Retired,NA,NA
Nicholls1885,Macquarie,NSW,No,1917-05-05,1922-12-16,Defeated,NA,NA
Nicholls1917,Bonython,SA,No,1963-11-30,1977-09-30,Resigned,NA,NA
Nikolic1961,Bass,TAS,No,2013-09-07,2016-07-02,Defeated,NA,NA
Nixon1928,Gippsland,VIC,No,1961-12-09,1983-02-04,Retired,NA,NA
Nock1879,Riverina,NSW,No,1931-12-19,1940-09-21,Defeated,NA,NA
Nott1888,Australian Capital Territory,ACT,No,1949-12-10,1951-04-28,Defeated,NA,NA
Nott1888,Herbert,QLD,No,1925-11-14,1928-11-17,Defeated,NA,NA
Nugent1938,Aston,VIC,No,1990-03-24,2001-04-24,Died,NA,NA
Oakeshott1969,Lyne,NSW,Yes,2008-09-06,2013-08-05,Retired,NA,NA
OBrien1926,Petrie,QLD,No,1961-12-09,1963-11-30,Defeated,NA,NA
OBrien1972,Wide Bay,QLD,No,2016-07-02,NA,NA,NA,NA
OBrien1974,Fairfax,QLD,No,2016-07-02,NA,NA,NA,NA
OByrne1968,Bass,TAS,No,1998-10-03,2004-10-09,Defeated,NA,NA
OConnor1910,Dalley,NSW,No,1955-12-10,1969-09-29,Retired,NA,NA
OConnor1910,Martin,NSW,No,1949-12-10,1955-12-10,Until Elected For Dalley,1,NA
OConnor1910,West Sydney,NSW,No,1946-09-28,1949-12-10,Until Elected For Martin,1,NA
OConnor1947,Corio,VIC,No,1993-03-13,2007-11-24,Defeated,NA,NA
OConnor1962,Burke,VIC,No,2001-11-10,2004-10-09,Until Elected For Gorton,1,NA
OConnor1962,Gorton,VIC,No,2004-10-09,NA,NA,NA,NA
ODowd1950,Flynn,QLD,No,2010-08-21,NA,NA,NA,NA
ODwyer1977,Higgins,VIC,Yes,2009-12-05,2019-04-11,NA,NA,Announced retirement 19 January 2019.
OKeefe1864,Denison,TAS,No,1922-12-16,1925-11-14,Defeated,NA,NA
OKeefe1912,Paterson,NSW,No,1969-10-25,1984-10-26,Retired,NA,NA
OKeefe1947,Burke,VIC,No,1984-12-01,2001-10-08,Retired,NA,NA
Oldmeadow1924,Holt,VIC,No,1972-12-02,1975-12-13,Defeated,NA,NA
Olley1927,Hume,NSW,No,1972-12-02,1974-05-18,Defeated,NA,NA
OMalley1854,Darwin,TAS,No,1903-12-16,1917-05-05,Defeated,NA,Name of Darwin electorate changed to Braddon by resolution of Parliament following the redistribution of electoral boundaries 1955.
OMalley1854,Tasmania,TAS,No,1901-03-29,1903-12-16,Until Elected For Darwin,1,NA
ONeil1937,Grey,SA,No,1983-03-05,1993-02-08,Retired,NA,NA
ONeil1980,Hotham,VIC,No,2013-09-07,NA,NA,NA,NA
ONeill1961,Robertson,NSW,No,2010-08-21,2013-09-07,Defeated,NA,NA
Opperman1904,Corio,VIC,No,1949-12-10,1967-06-10,Resigned,NA,NA
Orchard1871,Nepean,NSW,No,1913-05-31,1919-11-03,Retired,NA,NA
Organ1956,Cunningham,NSW,Yes,2002-10-19,2004-10-09,Defeated,NA,NA
Osborne1909,Evans,NSW,No,1949-12-10,1961-12-09,Defeated,NA,NA
OToole1956,Herbert,QLD,No,2016-07-02,2019-05-18,Defeated,NA,NA
Owens1958,Parramatta,NSW,No,2004-10-09,NA,NA,NA,NA
Ozanne1877,Corio,VIC,No,1910-04-13,1913-05-31,Defeated,NA,NA
Ozanne1877,Corio,VIC,No,1914-09-05,1917-05-05,Defeated,NA,NA
Page1861,Maranoa,QLD,No,1901-03-30,1921-06-03,Died,NA,NA
Page1880,Cowper,NSW,No,1919-12-13,1961-12-09,Defeated,NA,NA
Palmer1859,Echuca,VIC,No,1906-12-12,1907-06-10,Voided,NA,NA
Palmer1859,Echuca,VIC,Yes,1907-07-10,1919-08-14,Died,NA,NA
Palmer1954,Fairfax,QLD,No,2013-09-07,2016-05-09,Retired,NA,NA
Parke1966,Fremantle,WA,No,2007-11-24,2016-05-09,Retired,NA,NA
Parkhill1879,Warringah,NSW,Yes,1927-05-21,1937-10-23,Defeated,NA,NA
Parsons1881,Angas,SA,No,1925-11-14,1929-10-12,Defeated,NA,NA
Pasin1977,Barker,SA,No,2013-09-07,NA,NA,NA,NA
Paterson1844,Capricornia,QLD,No,1901-03-30,1903-11-23,Retired,NA,NA
Paterson1882,Gippsland,VIC,No,1922-12-16,1943-07-07,Retired,NA,NA
Patten1859,Hume,NSW,No,1913-05-31,1917-03-26,Retired,NA,NA
Patterson1927,Dawson,QLD,Yes,1966-02-26,1975-12-13,Defeated,NA,NA
Payne1982,Canberra,ACT,No,2019-05-18,NA,NA,NA,NA
Peacock1939,Kooyong,VIC,Yes,1966-04-02,1994-09-17,Resigned,NA,NA
Pearce1917,Capricornia,QLD,No,1949-12-10,1961-12-09,Defeated,NA,NA
Pearce1963,Aston,VIC,Yes,2001-07-14,2010-07-19,Retired,NA,NA
Pearce1967,Braddon,TAS,No,2019-05-18,NA,NA,NA,NA
Pearsall1920,Franklin,TAS,No,1966-11-26,1969-10-25,Defeated,NA,NA
Perkins1878,Eden-Monaro,NSW,Yes,1926-03-06,1929-10-12,Defeated,NA,NA
Perkins1878,Eden-Monaro,NSW,No,1931-12-19,1943-08-21,Defeated,NA,NA
Perrett1966,Moreton,QLD,No,2007-11-24,NA,NA,NA,NA
Peters1897,Burke,VIC,No,1949-12-10,1955-12-10,Until Elected For Scullin,1,NA
Peters1897,Scullin,VIC,No,1955-12-10,1969-09-29,Retired,NA,NA
Pettitt1910,Hume,NSW,No,1963-11-30,1972-12-02,Defeated,NA,NA
Phelps1957,Wentworth,NSW,Yes,2018-10-20,2019-05-18,Defeated,NA,NA
Phillips1855,Wimmera,VIC,No,1901-03-29,1906-11-05,Retired,NA,NA
Phillips1970,Gilmore,NSW,No,2019-05-18,NA,NA,NA,NA
Piesse1848,Tasmania,TAS,No,1901-03-29,1902-03-06,Died,NA,NA
Pigott1866,Calare,NSW,No,1913-05-31,1919-12-13,Defeated,NA,NA
Pitt1969,Hinkler,QLD,No,2013-09-07,NA,NA,NA,NA
Pittard1902,Ballaarat,VIC,No,1949-12-10,1951-04-28,Defeated,NA,Ballarat from federal redistribution 1977
Plibersek1969,Sydney,NSW,No,1998-10-03,NA,NA,NA,NA
Pollard1894,Ballaarat,VIC,No,1937-10-23,1949-12-10,Until Elected For Lalor,1,Ballarat from federal redistribution 1977
Pollard1894,Lalor,VIC,No,1949-12-10,1966-11-26,Defeated,NA,NA
Porter1950,Barker,SA,No,1975-12-13,1990-02-19,Retired,NA,NA
Porter1970,Pearce,WA,No,2013-09-07,NA,NA,NA,NA
Poynton1853,Grey,SA,No,1903-12-16,1922-12-16,Defeated,NA,NA
Poynton1853,South Australia,SA,No,1901-03-30,1903-12-16,Until Elected For Grey,1,NA
Pratt1948,Adelaide,SA,Yes,1988-02-06,1990-03-24,Defeated,NA,NA
Pratten1865,Martin,NSW,No,1922-12-16,1928-05-07,Died,NA,NA
Pratten1865,Parramatta,NSW,Yes,1921-12-10,1922-12-16,Until Elected For Martin,1,NA
Pratten1899,Martin,NSW,Yes,1928-06-16,1929-10-12,Defeated,NA,NA
Prentice1953,Ryan,QLD,No,2010-08-21,2019-04-11,Lost Preseelction,NA,Lost preselection 12 May 2018.
Price1882,Boothby,SA,No,1928-11-17,1941-04-23,Died,NA,NA
Price1892,Boothby,SA,Yes,1941-05-24,1943-08-21,Defeated,NA,NA
Price1945,Chifley,NSW,No,1984-12-01,2010-07-19,Retired,NA,NA
Price1963,Durack,WA,No,2013-09-07,NA,NA,NA,NA
Prosser1948,Forrest,WA,No,1987-07-11,2007-10-17,Retired,NA,NA
Prowse1871,Forrest,WA,No,1922-12-16,1943-08-21,Defeated,NA,NA
Prowse1871,Swan,WA,No,1919-12-13,1922-12-16,Until Elected For Forrest,1,NA
Punch1957,Barton,NSW,No,1983-03-05,1996-01-29,Retired,NA,NA
Pyne1967,Sturt,SA,No,1993-03-13,2019-04-11,Retired,NA,Announced retirement 2 March 2019.
Quick1852,Bendigo,VIC,No,1901-03-29,1913-05-31,Defeated,NA,NA
Quick1941,Franklin,TAS,No,1993-03-13,2007-10-17,Retired,NA,NA
Raguse1960,Forde,QLD,No,2007-11-24,2010-08-21,Defeated,NA,NA
Ramsey1956,Grey,SA,No,2007-11-24,NA,NA,NA,NA
Randall1953,Canning,WA,No,2001-11-10,2015-07-21,Died,NA,NA
Randall1953,Swan,WA,No,1996-03-02,1998-10-03,Defeated,NA,NA
Rankin1887,Bendigo,VIC,No,1937-10-23,1949-10-31,Retired,NA,NA
Rea1963,Bonner,QLD,No,2007-11-24,2010-08-21,Defeated,NA,NA
Reeves1952,Northern Territory,NT,No,1983-03-05,1984-12-01,Defeated,NA,NA
Reid1845,East Sydney,NSW,No,1901-03-29,1903-08-18,Resigned,NA,NA
Reid1845,East Sydney,NSW,Yes,1903-09-04,1909-12-24,Resigned,NA,NA
Reid1916,Holt,VIC,No,1969-10-25,1972-12-02,Defeated,NA,NA
ReidNicholas1935,Bendigo,VIC,No,1990-03-24,1998-08-31,Retired,NA,NA
Reith1950,Flinders,VIC,Yes,1982-12-04,1983-03-05,Defeated,NA,NA
Reith1950,Flinders,VIC,No,1984-12-01,2001-10-08,Retired,NA,NA
Reynolds1923,Barton,NSW,No,1958-11-22,1966-11-26,Defeated,NA,NA
Reynolds1923,Barton,NSW,No,1969-10-25,1975-11-11,Retired,NA,NA
Richardson1939,Tangney,WA,No,1975-12-13,1977-11-10,Retired,NA,NA
Richardson1958,Kingston,SA,No,2004-10-09,2007-11-24,Defeated,NA,NA
Riggall1941,McMillan,VIC,No,1990-03-24,1993-03-13,Defeated,NA,NA
Riley1859,South Sydney,NSW,No,1910-04-13,1931-12-19,Defeated,NA,NA
Riley1892,Cook,NSW,No,1922-12-16,1934-09-15,Defeated,NA,NA
Riordan1886,Kennedy,QLD,No,1929-10-12,1936-10-15,Died,NA,NA
Riordan1908,Kennedy,QLD,Yes,1936-12-12,1966-10-31,Retired,NA,NA
Riordan1930,Phillip,NSW,No,1972-12-02,1975-12-13,Defeated,NA,NA
Ripoll1966,Oxley,QLD,No,1998-10-03,2016-05-09,Retired,NA,NA
Rishworth1978,Kingston,SA,No,2007-11-24,NA,NA,NA,NA
Robb1951,Goldstein,VIC,No,2004-10-09,2016-05-09,Retired,NA,NA
Robert1970,Fadden,QLD,No,2007-11-24,NA,NA,NA,NA
Roberton1900,Riverina,NSW,No,1949-12-10,1965-01-21,Resigned,NA,NA
Roberts1869,Adelaide,SA,Yes,1908-06-13,1913-12-02,Died,NA,NA
Robinson1872,Wannon,VIC,No,1903-12-16,1906-12-12,Defeated,NA,NA
Robinson1927,Cowper,NSW,No,1963-11-30,1984-12-01,Until Elected For Page,1,NA
Robinson1927,Page,NSW,No,1984-12-01,1990-03-24,Defeated,NA,NA
Robinson1929,McPherson,QLD,No,1972-12-02,1981-01-07,Died,NA,NA
Rocher1936,Curtin,WA,Yes,1981-02-21,1998-10-03,Defeated,NA,NA
Rodgers1875,Wannon,VIC,No,1913-05-31,1922-12-16,Defeated,NA,NA
Rodgers1875,Wannon,VIC,No,1925-11-14,1929-10-12,Defeated,NA,NA
Ronald1861,Southern Melbourne,VIC,No,1901-03-29,1906-12-12,Defeated,NA,NA
Ronaldson1954,Ballarat,VIC,No,1990-03-24,2001-10-08,Retired,NA,Ballaarat until federal redistribution 1977
Rosevear1892,Dalley,NSW,No,1931-12-19,1953-03-21,Died,NA,NA
Rowe1872,Parramatta,NSW,No,1929-10-12,1931-12-19,Defeated,NA,NA
Rowland1971,Greenway,NSW,No,2010-08-21,NA,NA,NA,NA
Roxon1967,Gellibrand,VIC,No,1998-10-03,2013-08-05,Retired,NA,NA
Roy1990,Longman,QLD,No,2010-08-21,2016-07-02,Defeated,NA,NA
Rudd1957,Griffith,QLD,No,1998-10-03,2013-11-22,Resigned,NA,NA
Ruddock1943,Berowra,NSW,No,1993-03-13,2016-05-09,Retired,NA,NA
Ruddock1943,Dundas,NSW,No,1977-12-10,1993-03-13,Until Elected For Berowra,1,NA
Ruddock1943,Parramatta,NSW,Yes,1973-09-22,1977-12-10,Until Elected For Dundas,1,NA
Russell1890,Grey,SA,No,1943-08-21,1963-03-31,Died,NA,NA
Russell1907,Maranoa,QLD,No,1949-12-10,1951-04-28,Defeated,NA,NA
Ryan1876,West Sydney,NSW,No,1919-12-13,1921-08-01,Died,NA,NA
Ryan1884,Flinders,VIC,No,1940-09-21,1952-08-26,Died,NA,NA
Ryan1961,Lalor,VIC,No,2013-09-07,NA,NA,NA,NA
Ryrie1865,North Sydney,NSW,Yes,1911-03-11,1922-12-16,Until Elected For Warringah,1,NA
Ryrie1865,Warringah,NSW,No,1922-12-16,1927-04-13,Resigned,NA,NA
Saffin1954,Page,NSW,No,2007-11-24,2013-09-07,Defeated,NA,NA
Sainsbury1940,Eden-Monaro,NSW,No,1975-12-13,1983-03-05,Defeated,NA,NA
Salmon1861,Grampians,VIC,Yes,1915-02-20,1917-09-15,Died,NA,NA
Salmon1861,Laanecoorie,VIC,No,1901-03-29,1913-04-23,Retired,NA,NA
Sampson1863,Wimmera,VIC,No,1906-12-12,1919-12-13,Defeated,NA,NA
Saunderson1948,Aston,VIC,No,1984-12-01,1990-03-24,Defeated,NA,NA
Saunderson1948,Deakin,VIC,No,1983-03-05,1984-12-01,Until Elected For Aston,1,NA
Sawers1844,New England,NSW,No,1901-03-29,1903-12-16,Defeated,NA,NA
Sawford1944,Port Adelaide,SA,Yes,1988-03-26,2007-10-17,Retired,NA,NA
Scholes1931,Corio,VIC,Yes,1967-07-22,1993-02-08,Retired,NA,NA
Scholfield1894,Wannon,VIC,No,1931-12-19,1940-09-21,Defeated,NA,NA
Schultz1939,Hume,NSW,No,1998-10-03,2013-08-05,Retired,NA,NA
Sciacca1947,Bowman,QLD,No,1987-07-11,1996-03-02,Defeated,NA,NA
Sciacca1947,Bowman,QLD,No,1998-10-03,2004-10-09,Defeated,NA,NA
Scott1934,Hindmarsh,SA,No,1980-10-18,1993-02-08,Retired,NA,NA
Scott1943,Maranoa,QLD,No,1990-03-24,2016-05-09,Retired,NA,NA
Scott1947,Oxley,QLD,Yes,1988-10-08,1996-03-02,Defeated,NA,NA
Scott1977,Lindsay,NSW,No,2013-09-07,2016-07-02,Defeated,NA,NA
Scullin1876,Corangamite,VIC,No,1910-04-13,1913-05-31,Defeated,NA,NA
Scullin1876,Yarra,VIC,Yes,1922-02-18,1949-10-31,Retired,NA,NA
Scully1890,Gwydir,NSW,Yes,1937-05-08,1949-12-10,Defeated,NA,NA
Seabrook1867,Franklin,TAS,No,1922-12-16,1928-11-17,Defeated,NA,NA
Secker1956,Barker,SA,No,1998-10-03,2013-08-05,Retired,NA,NA
Sercombe1949,Maribyrnong,VIC,No,1996-03-02,2007-10-17,Retired,NA,NA
Sexton1905,Adelaide,SA,No,1958-11-22,1966-11-26,Defeated,NA,NA
Shack1953,Tangney,WA,No,1977-12-10,1983-03-05,Defeated,NA,NA
Shack1953,Tangney,WA,No,1984-12-01,1993-02-08,Retired,NA,NA
Sharkie1972,Mayo,SA,No,2016-07-02,2018-05-11,Resigned,NA,Eligibility issues
Sharkie1972,Mayo,SA,Yes,2018-07-28,NA,NA,NA,NA
Sharma1975,Wentworth,NSW,No,2019-05-18,NA,NA,NA,NA
Sharp1954,Gilmore,NSW,No,1984-12-01,1993-03-13,Until Elected For Hume,1,NA
Sharp1954,Hume,NSW,No,1993-03-13,1998-08-31,Retired,NA,NA
Sharpe1868,Oxley,QLD,No,1913-05-31,1917-05-05,Defeated,NA,NA
Shaw1913,Dawson,QLD,No,1963-11-30,1966-01-09,Died,NA,NA
Sheehan1891,Cook,NSW,No,1937-10-23,1955-03-26,Died,NA,NA
Sheehy1899,Boothby,SA,No,1943-08-21,1949-12-10,Defeated,NA,NA
Sherry1924,Franklin,TAS,No,1969-10-25,1975-12-13,Defeated,NA,NA
Shipton1936,Higgins,VIC,No,1975-12-13,1990-02-19,Retired,NA,NA
Short1936,Ballaarat,VIC,No,1975-12-13,1980-10-18,Defeated,NA,Ballarat from federal redistribution 1977
Short1956,Ryan,QLD,Yes,2001-03-17,2001-11-10,Defeated,NA,NA
Shorten1967,Maribyrnong,VIC,No,2007-11-24,NA,NA,NA,NA
Sidebottom1951,Braddon,TAS,No,1998-10-03,2004-10-09,Defeated,NA,NA
Sidebottom1951,Braddon,TAS,No,2007-11-24,2013-09-07,Defeated,NA,NA
Simmonds1985,Ryan,QLD,No,2019-05-18,NA,NA,NA,NA
Simmons1947,Calare,NSW,No,1983-03-05,1996-01-29,Retired,NA,NA
Simon1936,McMillan,VIC,No,1975-12-13,1980-10-18,Defeated,NA,NA
Simpkins1964,Cowan,WA,No,2007-11-24,2016-07-02,Defeated,NA,NA
Sinclair1864,Moreton,QLD,No,1906-12-12,1919-11-03,Retired,NA,NA
Sinclair1929,New England,NSW,No,1963-11-30,1998-08-31,Retired,NA,NA
Skene1845,Grampians,VIC,No,1901-03-29,1906-11-08,Retired,NA,NA
Slipper1950,Fisher,QLD,No,1984-12-01,1987-07-11,Defeated,NA,NA
Slipper1950,Fisher,QLD,No,1993-03-13,2013-09-07,Defeated,NA,NA
Smith1851,Parkes,NSW,No,1901-03-29,1919-12-13,Defeated,NA,NA
Smith1856,Macquarie,NSW,No,1901-03-29,1906-12-12,Defeated,NA,NA
Smith1881,Wakefield,SA,No,1943-08-21,1946-09-28,Defeated,NA,NA
Smith1939,Bass,TAS,No,1993-03-13,1996-03-02,Defeated,NA,NA
Smith1950,Dickson,QLD,No,1996-03-02,1998-10-03,Defeated,NA,NA
Smith1954,Bass,TAS,No,1984-12-01,1993-03-13,Defeated,NA,NA
Smith1954,Bass,TAS,No,1996-03-02,1998-10-03,Defeated,NA,NA
Smith1955,Perth,WA,No,1993-03-13,2013-08-05,Retired,NA,NA
Smith1967,Casey,VIC,No,2001-11-10,NA,NA,NA,NA
Smith1970,Bean,ACT,No,2019-05-18,NA,NA,NA,NA
SmithWilliam1869,Denison,TAS,No,1910-04-13,1922-12-16,Defeated,NA,NA
Smyth1959,Canberra,ACT,Yes,1995-03-25,1996-03-02,Defeated,NA,NA
Smyth1976,La Trobe,VIC,No,2010-08-21,2013-09-07,Defeated,NA,NA
Snedden1926,Bruce,VIC,No,1955-12-10,1983-04-21,Resigned,NA,NA
Snow1934,Eden-Monaro,NSW,No,1983-03-05,1996-03-02,Defeated,NA,NA
Snowdon1950,Lingiari,NT,No,2001-11-10,NA,NA,NA,NA
Snowdon1950,Northern Territory,NT,No,1987-07-11,1996-03-02,Defeated,NA,NA
Snowdon1950,Northern Territory,NT,No,1998-10-03,2001-11-10,Until Elected For Lingiari,1,NA
Solomon1839,Fremantle,WA,No,1901-03-29,1903-12-16,Defeated,NA,NA
Solomon1853,South Australia,SA,No,1901-03-30,1903-12-16,Defeated,NA,NA
Solomon1931,Denison,TAS,No,1969-10-25,1972-12-02,Defeated,NA,NA
Somlyay1946,Fairfax,QLD,No,1990-03-24,2013-08-05,Retired,NA,NA
Southcott1967,Boothby,SA,No,1996-03-02,2016-05-09,Retired,NA,NA
Spence1846,Darling,NSW,No,1901-03-29,1917-05-05,Defeated,NA,NA
Spence1846,Darwin,TAS,Yes,1917-06-30,1919-12-13,Defeated,NA,Name of Darwin electorate changed to Braddon by resolution of Parliament following the redistribution of electoral boundaries 1955.
Spender1897,Warringah,NSW,No,1937-10-23,1951-03-19,Retired,NA,NA
Spender1935,North Sydney,NSW,No,1980-10-18,1990-03-24,Defeated,NA,NA
Spooner1891,Robertson,NSW,No,1940-09-21,1943-08-21,Defeated,NA,NA
Spurr1897,Wilmot,TAS,Yes,1939-05-27,1940-09-21,Defeated,NA,NA
Stacey1879,Adelaide,SA,No,1931-12-19,1943-08-21,Defeated,NA,NA
Staley1939,Chisholm,VIC,Yes,1970-09-19,1980-09-19,Retired,NA,NA
Stanley1961,Werriwa,NSW,No,2016-07-02,NA,NA,NA,NA
Staples1947,Diamond Valley,VIC,No,1983-03-05,1984-12-01,Until Elected For Jagajaga,1,NA
Staples1947,Jagajaga,VIC,No,1984-12-01,1996-01-29,Retired,NA,NA
StClair1949,New England,NSW,No,1998-10-03,2001-11-10,Defeated,NA,NA
Steedman1943,Casey,VIC,No,1983-03-05,1984-12-01,Defeated,NA,NA
Steggall1974,Warringah,NSW,No,2019-05-18,NA,NA,NA,NA
Stevens1983,Sturt,SA,No,2019-05-18,NA,NA,NA,NA
Stewart1884,Parramatta,NSW,No,1931-12-19,1946-08-16,Retired,NA,NA
Stewart1885,Wimmera,VIC,No,1919-12-13,1931-10-14,Died,NA,NA
Stewart1923,Grayndler,NSW,No,1977-12-10,1979-04-16,Died,NA,NA
Stewart1923,Lang,NSW,Yes,1953-08-29,1977-12-10,Until Elected For Grayndler,1,NA
StJohn1916,Warringah,NSW,No,1966-11-26,1969-10-25,Defeated,NA,NA
Stokes1906,Maribyrnong,VIC,No,1955-12-10,1969-10-25,Defeated,NA,NA
Stone1951,Murray,VIC,No,1996-03-02,2016-05-09,Retired,NA,NA
Storrer1854,Bass,TAS,No,1903-12-16,1910-04-13,Defeated,NA,NA
Story1857,Boothby,SA,No,1917-05-05,1922-12-16,Defeated,NA,NA
Street1894,Corangamite,VIC,No,1934-09-15,1940-08-13,Died,NA,NA
Street1926,Corangamite,VIC,No,1966-11-26,1984-01-18,Resigned,NA,NA
Stumm1853,Lilley,QLD,No,1913-05-31,1917-03-26,Retired,NA,NA
Sudmalis1955,Gilmore,NSW,No,2013-09-07,2019-04-11,Retired,NA,Announced retirement 17 September 2018.
Sukkar1981,Deakin,VIC,No,2013-09-07,NA,NA,NA,NA
Sullivan1929,Riverina,NSW,No,1974-05-18,1977-12-10,Defeated,NA,NA
Sullivan1942,Moncrieff,QLD,No,1984-12-01,2001-10-08,Retired,NA,NA
Sullivan1950,Longman,QLD,No,2007-11-24,2010-08-21,Defeated,NA,NA
Swan1954,Lilley,QLD,No,1993-03-13,1996-03-02,Defeated,NA,NA
Swan1954,Lilley,QLD,No,1998-10-03,2019-04-11,NA,NA,Announced retirement 10 February 2018.
Swanson1970,Paterson,NSW,No,2016-07-02,NA,NA,NA,NA
Swartz1911,Darling Downs,QLD,No,1949-12-10,1972-11-02,Retired,NA,NA
Symon1965,Deakin,VIC,No,2007-11-24,2013-09-07,Defeated,NA,NA
Tambling1943,Northern Territory,NT,No,1980-10-18,1983-03-05,Defeated,NA,NA
Tanner1956,Melbourne,VIC,No,1993-03-13,2010-07-19,Retired,NA,NA
Taylor1938,Groom,QLD,Yes,1988-04-09,1998-08-31,Retired,NA,NA
Taylor1966,Hume,NSW,No,2013-09-07,NA,NA,NA,NA
Tehan1968,Wannon,VIC,No,2010-08-21,NA,NA,NA,NA
Templeman1963,Macquarie,NSW,No,2016-07-02,NA,NA,NA,NA
Theodore1884,Dalley,NSW,Yes,1927-02-26,1931-12-19,Defeated,NA,NA
Theophanous1946,Burke,VIC,No,1980-10-18,1984-12-01,Until Elected For Calwell,1,NA
Theophanous1946,Calwell,VIC,No,1984-12-01,2001-11-10,Defeated,NA,NA
Thistlethwaite1972,Kingsford Smith,NSW,No,2013-09-07,NA,NA,NA,Same as Kingsford-Smith - name was changed in 2001
Thomas1863,Barrier,NSW,No,1901-03-29,1917-03-26,Retired,NA,NA
Thompson1885,New England,NSW,No,1922-12-16,1940-09-21,Defeated,NA,NA
Thompson1886,Hindmarsh,SA,No,1946-09-28,1949-12-10,Until Elected For Port Adelaide,1,NA
Thompson1886,Port Adelaide,SA,No,1949-12-10,1963-11-01,Retired,NA,NA
Thompson1960,Blair,QLD,No,1998-10-03,2007-11-24,Defeated,NA,NA
Thompson1988,Herbert,QLD,No,2019-05-18,NA,NA,NA,NA
Thomson1848,North Sydney,NSW,No,1901-03-29,1910-02-19,Retired,NA,NA
Thomson1856,Capricornia,QLD,No,1903-12-16,1906-12-12,Defeated,NA,NA
Thomson1862,Cowper,NSW,No,1906-12-12,1919-12-13,Defeated,NA,NA
Thomson1924,Leichhardt,QLD,No,1975-12-13,1983-03-05,Defeated,NA,NA
Thomson1955,Wills,VIC,No,1996-03-02,2016-05-09,Retired,NA,NA
Thomson1961,Wentworth,NSW,Yes,1995-04-08,2001-10-08,Retired,NA,NA
Thomson1964,Dobell,NSW,No,2007-11-24,2013-09-07,Defeated,NA,NA
Thorburn1930,Cook,NSW,No,1972-12-02,1975-12-13,Defeated,NA,NA
Thorby1888,Calare,NSW,No,1931-12-19,1940-09-21,Defeated,NA,NA
Thwaites1980,Jagajaga,VIC,No,2019-05-18,NA,NA,NA,NA
Ticehurst1945,Dobell,NSW,No,2001-11-10,2007-11-24,Defeated,NA,NA
Tickner1951,Hughes,NSW,Yes,1984-02-18,1996-03-02,Defeated,NA,NA
Timson1909,Higinbotham,VIC,No,1949-12-10,1960-10-16,Died,NA,NA
Tollner1966,Solomon,NT,No,2001-11-10,2007-11-24,Defeated,NA,NA
Townley1907,Denison,TAS,No,1949-12-10,1963-12-24,Died,NA,NA
Treloar1892,Gwydir,NSW,No,1949-12-10,1953-11-15,Died,NA,NA
Trevor1961,Flynn,QLD,No,2007-11-24,2010-08-21,Defeated,NA,NA
Truss1948,Wide Bay,QLD,No,1990-03-24,2016-05-09,Retired,NA,NA
Tuckey1935,O'Connor,WA,No,1980-10-18,2010-08-21,Defeated,NA,NA
Tudge1971,Aston,VIC,No,2010-08-21,NA,NA,NA,NA
Tudor1866,Yarra,VIC,No,1901-03-29,1922-01-10,Died,NA,NA
Tully1877,Barton,NSW,No,1928-11-17,1931-12-19,Defeated,NA,NA
Turnbull1899,Mallee,VIC,No,1949-12-10,1972-11-02,Retired,NA,NA
Turnbull1899,Wimmera,VIC,Yes,1946-02-09,1949-12-10,Until Elected For Mallee,1,NA
Turnbull1954,Wentworth,NSW,No,2004-10-09,2018-08-31,Resigned,NA,NA
Turner1851,Balaclava,VIC,No,1901-03-29,1906-11-08,Retired,NA,NA
Turner1905,Bradfield,NSW,Yes,1952-12-20,1974-04-11,Retired,NA,NA
Turnour1966,Leichhardt,QLD,No,2007-11-24,2010-08-21,Defeated,NA,NA
Uren1921,Reid,NSW,No,1958-11-22,1990-02-19,Retired,NA,NA
Vaile1956,Lyne,NSW,No,1993-03-13,2008-07-30,Resigned,NA,NA
Vale1944,Hughes,NSW,No,1996-03-02,2010-07-19,Retired,NA,NA
Vamvakinou1959,Calwell,VIC,No,2001-11-10,NA,NA,NA,NA
vanManen1965,Forde,QLD,No,2010-08-21,NA,NA,NA,NA
Varvaris1974,Barton,NSW,No,2013-09-07,2016-07-02,Defeated,NA,NA
Vasta1966,Bonner,QLD,No,2004-10-09,2007-11-24,Defeated,NA,NA
Vasta1966,Bonner,QLD,No,2010-08-21,NA,NA,NA,NA
Viner1933,Stirling,WA,No,1972-12-02,1983-03-05,Defeated,NA,NA
Wakelin1946,Grey,SA,No,1993-03-13,2007-10-17,Retired,NA,NA
Walker1942,Robertson,NSW,No,1990-03-24,1996-03-02,Defeated,NA,NA
Wallace1881,West Sydney,NSW,No,1917-05-05,1919-12-13,Defeated,NA,NA
Wallace1968,Fisher,QLD,No,2016-07-02,NA,NA,NA,NA
Wallis1922,Grey,SA,No,1969-10-25,1983-02-04,Retired,NA,NA
Ward1899,East Sydney,NSW,Yes,1931-03-07,1931-12-19,Defeated,NA,NA
Ward1899,East Sydney,NSW,Yes,1932-02-06,1963-07-31,Died,NA,NA
Washer1945,Moore,WA,No,1998-10-03,2013-08-05,Retired,NA,NA
Watkins1865,Newcastle,NSW,No,1901-03-29,1935-04-08,Died,NA,NA
Watkins1896,Newcastle,NSW,Yes,1935-06-01,1958-10-14,Retired,NA,NA
Watson1864,Fremantle,WA,No,1922-12-16,1928-10-09,Retired,NA,NA
Watson1864,Fremantle,WA,No,1931-12-19,1934-08-07,Retired,NA,NA
Watson1867,Bland,NSW,No,1901-03-29,1906-12-12,Until Elected For South Sydney,1,NA
Watson1867,South Sydney,NSW,No,1906-12-12,1910-02-19,Retired,NA,NA
Watson1945,Forde,QLD,No,1984-12-01,1987-07-11,Defeated,NA,NA
Watt1871,Balaclava,VIC,No,1914-09-05,1929-07-05,Resigned,NA,NA
Watts1982,Gellibrand,VIC,No,2013-09-07,NA,NA,NA,NA
Webb1908,Stirling,WA,No,1955-12-10,1958-11-22,Defeated,NA,NA
Webb1908,Stirling,WA,No,1961-12-09,1972-12-02,Defeated,NA,NA
Webb1908,Swan,WA,No,1954-05-29,1955-12-10,Until Elected For Stirling,1,NA
Webster1860,Gwydir,NSW,No,1903-12-16,1919-12-13,Defeated,NA,NA
Webster1934,Macquarie,NSW,No,1984-12-01,1993-03-13,Defeated,NA,NA
Webster1959,Mallee,VIC,No,2019-05-18,NA,NA,NA,NA
Wells1949,Petrie,QLD,No,1983-03-05,1984-12-01,Defeated,NA,NA
Wells1985,Lilley,QLD,No,2019-05-18,NA,NA,NA,NA
Wentworth1907,Mackellar,NSW,No,1949-12-10,1977-11-10,Retired,NA,NA
West1852,East Sydney,NSW,No,1910-04-13,1931-02-05,Died,NA,NA
West1934,Cunningham,NSW,Yes,1977-10-15,1993-02-08,Retired,NA,NA
West1952,Bowman,QLD,No,1996-03-02,1998-10-03,Defeated,NA,NA
Whan1933,Eden-Monaro,NSW,No,1972-12-02,1975-12-13,Defeated,NA,NA
Wheeler1909,Mitchell,NSW,No,1949-12-10,1961-12-09,Defeated,NA,NA
White1888,Balaclava,VIC,Yes,1929-08-03,1951-06-20,Resigned,NA,NA
White1936,McPherson,QLD,Yes,1981-02-21,1990-02-19,Retired,NA,NA
Whiteley1960,Braddon,TAS,No,2013-09-07,2016-07-02,Defeated,NA,NA
Whitlam1916,Werriwa,NSW,Yes,1952-11-29,1978-07-31,Resigned,NA,NA
Whitlam1944,Grayndler,NSW,No,1975-12-13,1977-11-10,Retired,NA,NA
Whitsitt1869,Darwin,TAS,No,1922-12-16,1925-10-03,Retired,NA,Name of Darwin electorate changed to Braddon by resolution of Parliament following the redistribution of electoral boundaries 1955.
Whittorn1911,Balaclava,VIC,Yes,1960-07-16,1974-04-11,Retired,NA,NA
Wicks1973,Robertson,NSW,No,2013-09-07,NA,NA,NA,NA
Wienholt1877,Moreton,QLD,No,1919-12-13,1922-11-06,Retired,NA,NA
Wight1914,Lilley,QLD,No,1949-12-10,1961-12-09,Defeated,NA,NA
Wilkie1959,Swan,WA,No,1998-10-03,2007-11-24,Defeated,NA,NA
Wilkie1961,Denison,TAS,No,2010-08-21,2019-04-11,NA,NA,Name of Denison changed.
Wilkie1961,Clark,TAS,No,2019-05-18,NA,NA,NA,NA
Wilkinson1854,Moreton,QLD,No,1901-03-30,1906-12-12,Defeated,NA,NA
Wilks1863,Dalley,NSW,No,1901-03-29,1910-04-13,Defeated,NA,NA
Williams1897,Robertson,NSW,No,1943-08-21,1949-12-10,Defeated,NA,NA
Williams1942,Tangney,WA,No,1993-03-13,2004-08-31,Retired,NA,NA
Williams1973,Hindmarsh,SA,No,2013-09-07,2016-07-02,Defeated,NA,NA
Willis1860,Robertson,NSW,No,1901-03-29,1910-04-13,Defeated,NA,NA
Willis1938,Gellibrand,VIC,No,1972-12-02,1998-08-31,Retired,NA,NA
Wilson1863,Corangamite,VIC,No,1903-12-16,1910-04-13,Defeated,NA,NA
Wilson1880,Wimmera,VIC,No,1937-10-23,1945-12-31,Resigned,NA,NA
Wilson1900,Sturt,SA,No,1949-12-10,1954-05-29,Defeated,NA,NA
Wilson1900,Sturt,SA,No,1955-12-10,1966-10-31,Retired,NA,NA
Wilson1932,Sturt,SA,No,1966-11-26,1969-10-25,Defeated,NA,NA
Wilson1932,Sturt,SA,No,1972-12-02,1993-02-08,Retired,NA,NA
Wilson1966,O'Connor,WA,No,2013-09-07,NA,NA,NA,NA
Wilson1972,Fremantle,WA,No,2016-07-02,2018-05-10,Resigned,NA,Eligibility issues
Wilson1972,Fremantle,WA,Yes,2018-07-28,NA,NA,NA,NA
Wilson1980,Goldstein,VIC,No,2016-07-02,NA,NA,NA,NA
Wilton1955,Isaacs,VIC,No,1996-03-02,2000-06-14,Died,NA,NA
Windsor1950,New England,NSW,No,2001-11-10,2013-08-05,Retired,NA,NA
Wise1853,Gippsland,VIC,No,1906-12-12,1913-05-31,Defeated,NA,NA
Wise1853,Gippsland,VIC,No,1914-09-05,1922-12-16,Defeated,NA,NA
Wood1968,La Trobe,VIC,No,2004-10-09,2010-08-21,Defeated,NA,NA
Wood1968,La Trobe,VIC,No,2013-09-07,NA,NA,NA,NA
WoodsHarry1947,Page,NSW,No,1990-03-24,1996-03-02,Defeated,NA,NA
WoodsRobert1947,Lowe,NSW,No,1987-07-11,1993-03-13,Defeated,NA,NA
Wooldridge1956,Chisholm,VIC,No,1987-07-11,2001-10-08,Retired,NA,NA
Worth1946,Adelaide,SA,No,1993-03-13,2004-10-09,Defeated,NA,NA
Wright1942,Capricornia,QLD,No,1984-12-01,1993-03-13,Defeated,NA,NA
Wyatt1952,Hasluck,WA,No,2010-08-21,NA,NA,NA,NA
Wynne1850,Balaclava,VIC,No,1906-12-12,1914-07-30,Retired,NA,NA
Yates1871,Adelaide,SA,Yes,1914-01-10,1919-12-13,Defeated,NA,NA
Yates1871,Adelaide,SA,No,1922-12-16,1931-12-19,Defeated,NA,NA
Yates1921,Holt,VIC,No,1975-12-13,1980-10-18,Defeated,NA,NA
Young1936,Port Adelaide,SA,No,1974-05-18,1988-02-08,Resigned,NA,NA
Young1968,Longman,QLD,No,2019-05-18,NA,NA,NA,NA
Zahra1973,McMillan,VIC,No,1998-10-03,2004-10-09,Defeated,NA,NA
Zammit1941,Lowe,NSW,No,1996-03-02,1998-10-03,Defeated,NA,NA
Zappia1952,Makin,SA,No,2007-11-24,NA,NA,NA,NA
Zimmerman1968,North Sydney,NSW,Yes,2015-12-05,NA,NA,NA,NA
